Local time,Open,High,Low,Close,Volume
17.12.2018 01:00:00.000 GMT+0100,1.13043,1.13577,1.13027,1.13493,213611.75
18.12.2018 01:00:00.000 GMT+0100,1.13495,1.14022,1.13366,1.13758,250202.4375
19.12.2018 01:00:00.000 GMT+0100,1.13756,1.14392,1.13643,1.13865,396079.875
20.12.2018 01:00:00.000 GMT+0100,1.13865,1.14859,1.13771,1.14565,521394.2813
21.12.2018 01:00:00.000 GMT+0100,1.14566,1.14739,1.13559,1.13684,457889.4375
23.12.2018 01:00:00.000 GMT+0100,1.13692,1.13738,1.13604,1.13723,9257.1201
24.12.2018 01:00:00.000 GMT+0100,1.13723,1.14384,1.13705,1.13995,364501.9063
25.12.2018 01:00:00.000 GMT+0100,1.13998,1.14198,1.13892,1.14131,19137.8809
26.12.2018 01:00:00.000 GMT+0100,1.14132,1.14163,1.13428,1.13601,261304.7188
27.12.2018 01:00:00.000 GMT+0100,1.13602,1.14540,1.13580,1.14304,556935.8125
28.12.2018 01:00:00.000 GMT+0100,1.14306,1.14727,1.14299,1.14414,444843.9375
30.12.2018 01:00:00.000 GMT+0100,1.14331,1.14406,1.14331,1.14389,9853.8096
31.12.2018 01:00:00.000 GMT+0100,1.14389,1.14674,1.14213,1.14627,306212.9688
01.01.2019 01:00:00.000 GMT+0100,1.14598,1.14676,1.14566,1.14612,11818.9004
02.01.2019 01:00:00.000 GMT+0100,1.14612,1.14967,1.13092,1.13121,455444.6563
03.01.2019 01:00:00.000 GMT+0100,1.13122,1.14110,1.13099,1.13899,494514.1875
04.01.2019 01:00:00.000 GMT+0100,1.13901,1.14189,1.13456,1.13943,403754.375
06.01.2019 01:00:00.000 GMT+0100,1.13955,1.14129,1.13954,1.14102,12460.9502
07.01.2019 01:00:00.000 GMT+0100,1.14102,1.14826,1.14046,1.14789,362818.625
08.01.2019 01:00:00.000 GMT+0100,1.14790,1.14844,1.14222,1.14572,373028.3125
09.01.2019 01:00:00.000 GMT+0100,1.14573,1.15578,1.14389,1.15541,464484.8438
10.01.2019 01:00:00.000 GMT+0100,1.15541,1.15697,1.14844,1.15081,501643.2188
11.01.2019 01:00:00.000 GMT+0100,1.15082,1.15403,1.14580,1.14656,369059.2813
13.01.2019 01:00:00.000 GMT+0100,1.14589,1.14685,1.14583,1.14597,8476.8203
14.01.2019 01:00:00.000 GMT+0100,1.14598,1.14820,1.14506,1.14726,347342.125
15.01.2019 01:00:00.000 GMT+0100,1.14727,1.14896,1.13819,1.14141,427916.25
16.01.2019 01:00:00.000 GMT+0100,1.14140,1.14248,1.13777,1.13994,373027.375
17.01.2019 01:00:00.000 GMT+0100,1.13994,1.14059,1.13700,1.13920,380918
18.01.2019 01:00:00.000 GMT+0100,1.13920,1.14103,1.13532,1.13614,383249.3125
20.01.2019 01:00:00.000 GMT+0100,1.13603,1.13680,1.13602,1.13650,7081.8701
21.01.2019 01:00:00.000 GMT+0100,1.13651,1.13910,1.13567,1.13688,237382.0469
22.01.2019 01:00:00.000 GMT+0100,1.13687,1.13739,1.13361,1.13633,365964.5625
23.01.2019 01:00:00.000 GMT+0100,1.13634,1.13942,1.13505,1.13861,378517.625
24.01.2019 01:00:00.000 GMT+0100,1.13861,1.13913,1.12892,1.13126,436798.0625
25.01.2019 01:00:00.000 GMT+0100,1.13127,1.14176,1.13049,1.14032,421710.4688
27.01.2019 01:00:00.000 GMT+0100,1.14005,1.14134,1.14004,1.14127,7595.1001
28.01.2019 01:00:00.000 GMT+0100,1.14127,1.14436,1.13900,1.14294,354877.875
29.01.2019 01:00:00.000 GMT+0100,1.14295,1.14501,1.14111,1.14348,424913.4375
30.01.2019 01:00:00.000 GMT+0100,1.14348,1.15016,1.14062,1.14853,431876.7813
31.01.2019 01:00:00.000 GMT+0100,1.14852,1.15141,1.14356,1.14482,477127.375
01.02.2019 01:00:00.000 GMT+0100,1.14482,1.14884,1.14343,1.14547,398191.5313
03.02.2019 01:00:00.000 GMT+0100,1.14503,1.14581,1.14503,1.14543,6497.2202
04.02.2019 01:00:00.000 GMT+0100,1.14543,1.14603,1.14244,1.14349,367141.9688
05.02.2019 01:00:00.000 GMT+0100,1.14348,1.14404,1.14011,1.14087,331771.9688
06.02.2019 01:00:00.000 GMT+0100,1.14087,1.14091,1.13608,1.13656,350166.0938
07.02.2019 01:00:00.000 GMT+0100,1.13655,1.13675,1.13244,1.13382,375756.25
08.02.2019 01:00:00.000 GMT+0100,1.13382,1.13508,1.13207,1.13207,330732.8125
10.02.2019 01:00:00.000 GMT+0100,1.13186,1.13248,1.13148,1.13237,8475.7402
11.02.2019 01:00:00.000 GMT+0100,1.13239,1.13298,1.12672,1.12785,378811.625
12.02.2019 01:00:00.000 GMT+0100,1.12785,1.13396,1.12577,1.13336,404102.6563
13.02.2019 01:00:00.000 GMT+0100,1.13336,1.13414,1.12490,1.12646,380532.4063
14.02.2019 01:00:00.000 GMT+0100,1.12646,1.13098,1.12498,1.12947,416725.5625
15.02.2019 01:00:00.000 GMT+0100,1.12946,1.13061,1.12340,1.12925,428528.3438
17.02.2019 01:00:00.000 GMT+0100,1.12906,1.12959,1.12889,1.12948,8065.1001
18.02.2019 01:00:00.000 GMT+0100,1.12948,1.13338,1.12937,1.13114,264432.375
19.02.2019 01:00:00.000 GMT+0100,1.13115,1.13574,1.12755,1.13399,408625.0313
20.02.2019 01:00:00.000 GMT+0100,1.13399,1.13711,1.13249,1.13461,393154.5
21.02.2019 01:00:00.000 GMT+0100,1.13461,1.13663,1.13202,1.13398,444394.7188
22.02.2019 01:00:00.000 GMT+0100,1.13399,1.13556,1.13161,1.13319,385471.6563
24.02.2019 01:00:00.000 GMT+0100,1.13340,1.13421,1.13281,1.13420,10788.8701
25.02.2019 01:00:00.000 GMT+0100,1.13421,1.13675,1.13367,1.13647,368447.75
26.02.2019 01:00:00.000 GMT+0100,1.13647,1.14027,1.13450,1.13930,417596.3125
27.02.2019 01:00:00.000 GMT+0100,1.13931,1.14036,1.13622,1.13795,422988.3438
28.02.2019 01:00:00.000 GMT+0100,1.13796,1.14197,1.13595,1.13730,457608.4688
01.03.2019 01:00:00.000 GMT+0100,1.13731,1.14085,1.13533,1.13633,405553.75
03.03.2019 01:00:00.000 GMT+0100,1.13811,1.13826,1.13722,1.13749,10698.1201
04.03.2019 01:00:00.000 GMT+0100,1.13749,1.13750,1.13090,1.13362,406415.6563
05.03.2019 01:00:00.000 GMT+0100,1.13363,1.13384,1.12895,1.13060,394725.25
06.03.2019 01:00:00.000 GMT+0100,1.13059,1.13245,1.12855,1.13129,322848.125
07.03.2019 01:00:00.000 GMT+0100,1.13130,1.13202,1.11764,1.11980,390830.4063
08.03.2019 01:00:00.000 GMT+0100,1.11980,1.12461,1.11852,1.12311,374351
10.03.2019 01:00:00.000 GMT+0100,1.12316,1.12374,1.12304,1.12315,7755.2598
11.03.2019 01:00:00.000 GMT+0100,1.12315,1.12738,1.12217,1.12591,323944.1563
12.03.2019 01:00:00.000 GMT+0100,1.12590,1.13049,1.12492,1.12865,320871.9375
13.03.2019 01:00:00.000 GMT+0100,1.12864,1.13385,1.12773,1.13303,305061.0625
14.03.2019 01:00:00.000 GMT+0100,1.13304,1.13361,1.12940,1.13064,328504.875
15.03.2019 01:00:00.000 GMT+0100,1.13066,1.13443,1.13000,1.13240,289446.9688
17.03.2019 01:00:00.000 GMT+0100,1.13201,1.13277,1.13189,1.13192,6321.3701
18.03.2019 01:00:00.000 GMT+0100,1.13193,1.13589,1.13192,1.13360,256610.2188
19.03.2019 01:00:00.000 GMT+0100,1.13360,1.13615,1.13336,1.13542,272290.75
20.03.2019 01:00:00.000 GMT+0100,1.13543,1.14480,1.13354,1.14284,367710.75
21.03.2019 01:00:00.000 GMT+0100,1.14282,1.14373,1.13425,1.13737,355410.4063
22.03.2019 01:00:00.000 GMT+0100,1.13737,1.13905,1.12732,1.13004,402377.6563
24.03.2019 01:00:00.000 GMT+0100,1.12892,1.13011,1.12883,1.12955,8383.6602
25.03.2019 01:00:00.000 GMT+0100,1.12956,1.13314,1.12889,1.13151,341816.0313
26.03.2019 01:00:00.000 GMT+0100,1.13152,1.13259,1.12632,1.12738,336568.125
27.03.2019 01:00:00.000 GMT+0100,1.12737,1.12855,1.12421,1.12521,422556.4375
28.03.2019 01:00:00.000 GMT+0100,1.12518,1.12612,1.12135,1.12298,426452.1875
29.03.2019 01:00:00.000 GMT+0100,1.12297,1.12466,1.12098,1.12179,424280.375
31.03.2019 01:00:00.000 GMT+0100,1.12254,1.12312,1.12199,1.12231,10782.1797
01.04.2019 02:00:00.000 GMT+0200,1.12231,1.12498,1.11984,1.12049,414214.375
02.04.2019 02:00:00.000 GMT+0200,1.12049,1.12160,1.11836,1.12032,437698.1563
03.04.2019 02:00:00.000 GMT+0200,1.12032,1.12547,1.12019,1.12446,464945.6563
04.04.2019 02:00:00.000 GMT+0200,1.12447,1.12475,1.12059,1.12222,382615.9063
05.04.2019 02:00:00.000 GMT+0200,1.12222,1.12472,1.12099,1.12142,331661.3438
07.04.2019 02:00:00.000 GMT+0200,1.12138,1.12213,1.12118,1.12181,7693.8501
08.04.2019 02:00:00.000 GMT+0200,1.12181,1.12744,1.12148,1.12555,386557.5313
09.04.2019 02:00:00.000 GMT+0200,1.12557,1.12842,1.12554,1.12655,384052.25
10.04.2019 02:00:00.000 GMT+0200,1.12654,1.12876,1.12294,1.12758,433096.7813
11.04.2019 02:00:00.000 GMT+0200,1.12759,1.12873,1.12498,1.12601,382614.5938
12.04.2019 02:00:00.000 GMT+0200,1.12602,1.13239,1.12572,1.12976,401664.2813
14.04.2019 02:00:00.000 GMT+0200,1.13035,1.13072,1.12991,1.13028,10414.8799
15.04.2019 02:00:00.000 GMT+0200,1.13029,1.13209,1.12975,1.13043,376604.9688
16.04.2019 02:00:00.000 GMT+0200,1.13044,1.13139,1.12788,1.12845,478236.75
17.04.2019 02:00:00.000 GMT+0200,1.12845,1.13237,1.12813,1.12965,394230.75
18.04.2019 02:00:00.000 GMT+0200,1.12964,1.13039,1.12261,1.12349,411987.1875
19.04.2019 02:00:00.000 GMT+0200,1.12349,1.12476,1.12323,1.12408,106163.7969
21.04.2019 02:00:00.000 GMT+0200,1.12408,1.12452,1.12373,1.12440,6034.6099
22.04.2019 02:00:00.000 GMT+0200,1.12440,1.12620,1.12357,1.12584,184842.3281
23.04.2019 02:00:00.000 GMT+0200,1.12585,1.12612,1.11921,1.12237,366794.0938
24.04.2019 02:00:00.000 GMT+0200,1.12239,1.12241,1.11406,1.11533,396092.9375
25.04.2019 02:00:00.000 GMT+0200,1.11534,1.11623,1.11178,1.11353,346843.25
26.04.2019 02:00:00.000 GMT+0200,1.11353,1.11739,1.11111,1.11429,341314.0938
28.04.2019 02:00:00.000 GMT+0200,1.11441,1.11516,1.11441,1.11494,8087.2598
29.04.2019 02:00:00.000 GMT+0200,1.11494,1.11869,1.11450,1.11848,285596.4375
30.04.2019 02:00:00.000 GMT+0200,1.11847,1.12290,1.11757,1.12157,320017.5625
01.05.2019 02:00:00.000 GMT+0200,1.12157,1.12647,1.11870,1.12024,243803.0938
02.05.2019 02:00:00.000 GMT+0200,1.12023,1.12190,1.11707,1.11729,302647.875
03.05.2019 02:00:00.000 GMT+0200,1.11728,1.12047,1.11350,1.12007,332884.1563
05.05.2019 02:00:00.000 GMT+0200,1.11799,1.12003,1.11672,1.11846,20415.4902
06.05.2019 02:00:00.000 GMT+0200,1.11846,1.12092,1.11790,1.12010,307459.6875
07.05.2019 02:00:00.000 GMT+0200,1.12011,1.12178,1.11666,1.11895,342101.75
08.05.2019 02:00:00.000 GMT+0200,1.11893,1.12136,1.11827,1.11977,370041.2188
09.05.2019 02:00:00.000 GMT+0200,1.11977,1.12509,1.11734,1.12184,410143.5938
10.05.2019 02:00:00.000 GMT+0200,1.12185,1.12536,1.12177,1.12329,366677.1563
12.05.2019 02:00:00.000 GMT+0200,1.12320,1.12408,1.12299,1.12357,10570.2695
13.05.2019 02:00:00.000 GMT+0200,1.12358,1.12635,1.12191,1.12320,330177.5
14.05.2019 02:00:00.000 GMT+0200,1.12320,1.12439,1.12011,1.12032,312740.9688
15.05.2019 02:00:00.000 GMT+0200,1.12031,1.12245,1.11779,1.12068,344234.0313
16.05.2019 02:00:00.000 GMT+0200,1.12069,1.12238,1.11662,1.11731,330368.4375
17.05.2019 02:00:00.000 GMT+0200,1.11730,1.11841,1.11551,1.11563,348250.1875
19.05.2019 02:00:00.000 GMT+0200,1.11598,1.11666,1.11598,1.11646,9331.1104
20.05.2019 02:00:00.000 GMT+0200,1.11646,1.11748,1.11506,1.11673,305009.75
21.05.2019 02:00:00.000 GMT+0200,1.11673,1.11880,1.11419,1.11643,333000.625
22.05.2019 02:00:00.000 GMT+0200,1.11643,1.11802,1.11485,1.11552,286002.5
23.05.2019 02:00:00.000 GMT+0200,1.11553,1.11875,1.11070,1.11841,368229.4063
24.05.2019 02:00:00.000 GMT+0200,1.11841,1.12121,1.11771,1.12043,308644
26.05.2019 02:00:00.000 GMT+0200,1.12091,1.12116,1.12067,1.12068,8195.25
27.05.2019 02:00:00.000 GMT+0200,1.12067,1.12151,1.11869,1.11934,192217.2188
28.05.2019 02:00:00.000 GMT+0200,1.11933,1.11983,1.11592,1.11681,306191
29.05.2019 02:00:00.000 GMT+0200,1.11682,1.11724,1.11243,1.11366,354138.3125
30.05.2019 02:00:00.000 GMT+0200,1.11365,1.11433,1.11160,1.11295,300563.125
31.05.2019 02:00:00.000 GMT+0200,1.11295,1.11797,1.11251,1.11678,412709.2813
02.06.2019 02:00:00.000 GMT+0200,1.11607,1.11741,1.11607,1.11736,11255.4199
03.06.2019 02:00:00.000 GMT+0200,1.11736,1.12619,1.11601,1.12457,373774.8125
04.06.2019 02:00:00.000 GMT+0200,1.12458,1.12774,1.12267,1.12536,410688.75
05.06.2019 02:00:00.000 GMT+0200,1.12535,1.13065,1.12200,1.12286,399166.2188
06.06.2019 02:00:00.000 GMT+0200,1.12286,1.13090,1.12008,1.12755,363147.4063
07.06.2019 02:00:00.000 GMT+0200,1.12756,1.13477,1.12512,1.13334,347017.1875
09.06.2019 02:00:00.000 GMT+0200,1.13220,1.13308,1.13143,1.13190,10583.6797
10.06.2019 02:00:00.000 GMT+0200,1.13190,1.13243,1.12902,1.13179,319896.625
11.06.2019 02:00:00.000 GMT+0200,1.13179,1.13374,1.13013,1.13295,358230.8438
12.06.2019 02:00:00.000 GMT+0200,1.13295,1.13434,1.12824,1.12924,374913.3125
13.06.2019 02:00:00.000 GMT+0200,1.12924,1.13037,1.12683,1.12795,353159.9688
14.06.2019 02:00:00.000 GMT+0200,1.12794,1.12891,1.12024,1.12050,344535.5625
16.06.2019 02:00:00.000 GMT+0200,1.12089,1.12172,1.12088,1.12155,9786.54
17.06.2019 02:00:00.000 GMT+0200,1.12155,1.12470,1.12037,1.12242,244337.5156
18.06.2019 02:00:00.000 GMT+0200,1.12244,1.12428,1.11813,1.11978,389081
19.06.2019 02:00:00.000 GMT+0200,1.11978,1.12542,1.11871,1.12357,323580.7813
20.06.2019 02:00:00.000 GMT+0200,1.12357,1.13173,1.12351,1.12943,428182.5
21.06.2019 02:00:00.000 GMT+0200,1.12943,1.13777,1.12830,1.13679,407208.4375
23.06.2019 02:00:00.000 GMT+0200,1.13695,1.13852,1.13662,1.13850,12484.9102
24.06.2019 02:00:00.000 GMT+0200,1.13850,1.14039,1.13725,1.13991,295616.5938
25.06.2019 02:00:00.000 GMT+0200,1.13993,1.14119,1.13442,1.13681,392497.9063
26.06.2019 02:00:00.000 GMT+0200,1.13680,1.13913,1.13474,1.13735,341519.75
27.06.2019 02:00:00.000 GMT+0200,1.13734,1.13814,1.13477,1.13711,305256.375
28.06.2019 02:00:00.000 GMT+0200,1.13711,1.13933,1.13506,1.13681,276363.5625
30.06.2019 02:00:00.000 GMT+0200,1.13595,1.13710,1.13581,1.13601,12054.4902
01.07.2019 02:00:00.000 GMT+0200,1.13601,1.13640,1.12801,1.12868,303828.375
02.07.2019 02:00:00.000 GMT+0200,1.12868,1.13215,1.12751,1.12904,265697.2813
03.07.2019 02:00:00.000 GMT+0200,1.12904,1.13123,1.12686,1.12873,261437.4688
04.07.2019 02:00:00.000 GMT+0200,1.12873,1.12951,1.12731,1.12853,139704.7031
05.07.2019 02:00:00.000 GMT+0200,1.12853,1.12860,1.12073,1.12235,258051.9063
07.07.2019 02:00:00.000 GMT+0200,1.12215,1.12291,1.12215,1.12267,8220.1797
08.07.2019 02:00:00.000 GMT+0200,1.12267,1.12344,1.12069,1.12151,213395.125
09.07.2019 02:00:00.000 GMT+0200,1.12150,1.12187,1.11933,1.12043,215624.125
10.07.2019 02:00:00.000 GMT+0200,1.12043,1.12643,1.12018,1.12583,278478.6563
11.07.2019 02:00:00.000 GMT+0200,1.12585,1.12857,1.12451,1.12498,283354.6563
12.07.2019 02:00:00.000 GMT+0200,1.12498,1.12748,1.12381,1.12698,253368.7969
14.07.2019 02:00:00.000 GMT+0200,1.12666,1.12744,1.12626,1.12710,7055.79
15.07.2019 02:00:00.000 GMT+0200,1.12711,1.12838,1.12532,1.12597,213580.3438
16.07.2019 02:00:00.000 GMT+0200,1.12598,1.12634,1.12018,1.12116,259555.0156
17.07.2019 02:00:00.000 GMT+0200,1.12117,1.12335,1.11997,1.12273,224769.2344
18.07.2019 02:00:00.000 GMT+0200,1.12273,1.12820,1.12051,1.12610,316722.3438
19.07.2019 02:00:00.000 GMT+0200,1.12608,1.12683,1.12033,1.12192,282446.4063
21.07.2019 02:00:00.000 GMT+0200,1.12150,1.12197,1.12140,1.12175,9741.04
22.07.2019 02:00:00.000 GMT+0200,1.12175,1.12253,1.12037,1.12042,227157.25
23.07.2019 02:00:00.000 GMT+0200,1.12042,1.12080,1.11457,1.11508,268169.2813
24.07.2019 02:00:00.000 GMT+0200,1.11508,1.11558,1.11269,1.11419,271736.0313
25.07.2019 02:00:00.000 GMT+0200,1.11420,1.11877,1.11013,1.11448,359874.9375
26.07.2019 02:00:00.000 GMT+0200,1.11447,1.11509,1.11120,1.11247,260348.6719
28.07.2019 02:00:00.000 GMT+0200,1.11246,1.11325,1.11223,1.11295,5727.46
29.07.2019 02:00:00.000 GMT+0200,1.11295,1.11509,1.11128,1.11423,232842.4844
30.07.2019 02:00:00.000 GMT+0200,1.11424,1.11610,1.11321,1.11568,277029.625
31.07.2019 02:00:00.000 GMT+0200,1.11568,1.11620,1.10600,1.10715,355194.8125
01.08.2019 02:00:00.000 GMT+0200,1.10715,1.10958,1.10268,1.10788,467627.9375
02.08.2019 02:00:00.000 GMT+0200,1.10789,1.11164,1.10696,1.11057,464104.9688
04.08.2019 02:00:00.000 GMT+0200,1.11042,1.11138,1.11033,1.11075,12836.5898
05.08.2019 02:00:00.000 GMT+0200,1.11079,1.12453,1.11064,1.12418,476043.9688
06.08.2019 02:00:00.000 GMT+0200,1.12418,1.12497,1.11675,1.12054,417917.6875
07.08.2019 02:00:00.000 GMT+0200,1.12053,1.12417,1.11791,1.12039,451342.6563
08.08.2019 02:00:00.000 GMT+0200,1.12038,1.12323,1.11769,1.11861,340913.9375
09.08.2019 02:00:00.000 GMT+0200,1.11861,1.12229,1.11833,1.11969,284956.7813
11.08.2019 02:00:00.000 GMT+0200,1.11978,1.12080,1.11967,1.12073,7072.96
12.08.2019 02:00:00.000 GMT+0200,1.12074,1.12306,1.11619,1.12162,319337.125
13.08.2019 02:00:00.000 GMT+0200,1.12162,1.12285,1.11698,1.11764,377049.5313
14.08.2019 02:00:00.000 GMT+0200,1.11764,1.11908,1.11305,1.11428,345279.3125
15.08.2019 02:00:00.000 GMT+0200,1.11428,1.11583,1.10913,1.11103,416591.3125
16.08.2019 02:00:00.000 GMT+0200,1.11105,1.11113,1.10662,1.10899,239920.6719
18.08.2019 02:00:00.000 GMT+0200,1.10925,1.11010,1.10895,1.10919,7217.0298
19.08.2019 02:00:00.000 GMT+0200,1.10918,1.11137,1.10760,1.10814,198728.5156
20.08.2019 02:00:00.000 GMT+0200,1.10816,1.11066,1.10655,1.10972,202915.2969
21.08.2019 02:00:00.000 GMT+0200,1.10970,1.11070,1.10804,1.10901,170929.5156
22.08.2019 02:00:00.000 GMT+0200,1.10903,1.11130,1.10635,1.10836,215750.5625
23.08.2019 02:00:00.000 GMT+0200,1.10835,1.11532,1.10516,1.11360,234770.3125
25.08.2019 02:00:00.000 GMT+0200,1.11507,1.11639,1.11393,1.11433,15735.2402
26.08.2019 02:00:00.000 GMT+0200,1.11433,1.11529,1.10942,1.11013,276142.375
27.08.2019 02:00:00.000 GMT+0200,1.11012,1.11159,1.10855,1.10893,211976.9688
28.08.2019 02:00:00.000 GMT+0200,1.10894,1.10978,1.10733,1.10855,211311
29.08.2019 02:00:00.000 GMT+0200,1.10856,1.10930,1.10419,1.10589,208781.8438
30.08.2019 02:00:00.000 GMT+0200,1.10589,1.10599,1.09632,1.09880,165279.2969
01.09.2019 02:00:00.000 GMT+0200,1.09893,1.09962,1.09831,1.09904,3345.29
02.09.2019 02:00:00.000 GMT+0200,1.09903,1.09931,1.09580,1.09641,46117.5
03.09.2019 02:00:00.000 GMT+0200,1.09641,1.09786,1.09260,1.09725,134828.6719
04.09.2019 02:00:00.000 GMT+0200,1.09725,1.10383,1.09715,1.10347,161293.5938
05.09.2019 02:00:00.000 GMT+0200,1.10346,1.10847,1.10166,1.10340,173375.1719
06.09.2019 02:00:00.000 GMT+0200,1.10340,1.10572,1.10201,1.10250,155127.7188
08.09.2019 02:00:00.000 GMT+0200,1.10260,1.10275,1.10195,1.10201,3734.6001
09.09.2019 02:00:00.000 GMT+0200,1.10202,1.10680,1.10153,1.10469,134493.75
10.09.2019 02:00:00.000 GMT+0200,1.10469,1.10595,1.10305,1.10501,131830.0156
11.09.2019 02:00:00.000 GMT+0200,1.10501,1.10555,1.09851,1.10135,127663.9688
12.09.2019 02:00:00.000 GMT+0200,1.10134,1.10871,1.09268,1.10561,201762.5781
13.09.2019 02:00:00.000 GMT+0200,1.10560,1.11094,1.10560,1.10707,159524.4688
15.09.2019 02:00:00.000 GMT+0200,1.10732,1.10863,1.10695,1.10831,5486.165
16.09.2019 02:00:00.000 GMT+0200,1.10831,1.10843,1.09932,1.10031,142926.3281
17.09.2019 02:00:00.000 GMT+0200,1.10030,1.10755,1.09901,1.10736,170443.1406
18.09.2019 02:00:00.000 GMT+0200,1.10737,1.10746,1.10136,1.10291,157398.9375
19.09.2019 02:00:00.000 GMT+0200,1.10291,1.10735,1.10229,1.10446,198730.75
20.09.2019 02:00:00.000 GMT+0200,1.10444,1.10676,1.09961,1.10169,173532.125
22.09.2019 02:00:00.000 GMT+0200,1.10136,1.10197,1.10106,1.10185,4660.1001
23.09.2019 02:00:00.000 GMT+0200,1.10185,1.10253,1.09661,1.09939,178417.3594
24.09.2019 02:00:00.000 GMT+0200,1.09938,1.10240,1.09837,1.10135,183286.2656
25.09.2019 02:00:00.000 GMT+0200,1.10134,1.10168,1.09374,1.09511,196617.375
26.09.2019 02:00:00.000 GMT+0200,1.09511,1.09672,1.09087,1.09222,191177.0313
27.09.2019 02:00:00.000 GMT+0200,1.09223,1.09586,1.09046,1.09367,176770.0625
29.09.2019 02:00:00.000 GMT+0200,1.09419,1.09461,1.09391,1.09422,3943.52
30.09.2019 02:00:00.000 GMT+0200,1.09421,1.09478,1.08847,1.08993,175540.0313
01.10.2019 02:00:00.000 GMT+0200,1.08992,1.09428,1.08790,1.09339,214512.2656
02.10.2019 02:00:00.000 GMT+0200,1.09340,1.09636,1.09040,1.09605,200581.125
03.10.2019 02:00:00.000 GMT+0200,1.09604,1.09992,1.09408,1.09744,219926.4063
04.10.2019 02:00:00.000 GMT+0200,1.09745,1.09990,1.09570,1.09760,184196.8594
06.10.2019 02:00:00.000 GMT+0200,1.09803,1.09838,1.09728,1.09832,4584.7002
07.10.2019 02:00:00.000 GMT+0200,1.09832,1.10004,1.09619,1.09715,167536.2031
08.10.2019 02:00:00.000 GMT+0200,1.09716,1.09958,1.09409,1.09597,217155.5313
09.10.2019 02:00:00.000 GMT+0200,1.09597,1.09900,1.09548,1.09842,185453.0625
10.10.2019 02:00:00.000 GMT+0200,1.09841,1.10337,1.09797,1.10106,230081.5313
11.10.2019 02:00:00.000 GMT+0200,1.10105,1.10626,1.10007,1.10329,245439.875
13.10.2019 02:00:00.000 GMT+0200,1.10316,1.10385,1.10250,1.10282,6677.9502
14.10.2019 02:00:00.000 GMT+0200,1.10281,1.10426,1.10128,1.10259,155436.6719
15.10.2019 02:00:00.000 GMT+0200,1.10258,1.10459,1.09912,1.10344,223298.5625
16.10.2019 02:00:00.000 GMT+0200,1.10344,1.10855,1.10223,1.10737,232685.875
17.10.2019 02:00:00.000 GMT+0200,1.10738,1.11398,1.10650,1.11244,223617.125
18.10.2019 02:00:00.000 GMT+0200,1.11245,1.11719,1.11145,1.11703,140632.0625
20.10.2019 02:00:00.000 GMT+0200,1.11607,1.11634,1.11494,1.11558,6303.585
21.10.2019 02:00:00.000 GMT+0200,1.11559,1.11793,1.11386,1.11515,124245.3672
22.10.2019 02:00:00.000 GMT+0200,1.11517,1.11568,1.11176,1.11289,125243.1875
23.10.2019 02:00:00.000 GMT+0200,1.11288,1.11405,1.11061,1.11322,112972.5625
24.10.2019 02:00:00.000 GMT+0200,1.11322,1.11627,1.10930,1.11034,149011.5625
25.10.2019 02:00:00.000 GMT+0200,1.11035,1.11229,1.10729,1.10790,100730.7109
27.10.2019 02:00:00.000 GMT+0200,1.10800,1.10840,1.10774,1.10839,3105.3401
28.10.2019 01:00:00.000 GMT+0100,1.10839,1.11065,1.10760,1.10982,106338.3828
29.10.2019 01:00:00.000 GMT+0100,1.10982,1.11183,1.10735,1.11120,122552.6016
30.10.2019 01:00:00.000 GMT+0100,1.11119,1.11554,1.10801,1.11521,137742.2188
31.10.2019 01:00:00.000 GMT+0100,1.11521,1.11755,1.11314,1.11561,149061.7188
01.11.2019 01:00:00.000 GMT+0100,1.11559,1.11718,1.11281,1.11641,126862.1563
03.11.2019 01:00:00.000 GMT+0100,1.11684,1.11696,1.11639,1.11661,1652
04.11.2019 01:00:00.000 GMT+0100,1.11660,1.11753,1.11218,1.11279,109786.4063
05.11.2019 01:00:00.000 GMT+0100,1.11279,1.11401,1.10635,1.10738,152011.2344
06.11.2019 01:00:00.000 GMT+0100,1.10739,1.10928,1.10651,1.10700,124123.6172
07.11.2019 01:00:00.000 GMT+0100,1.10699,1.10914,1.10360,1.10523,155079.1406
08.11.2019 01:00:00.000 GMT+0100,1.10524,1.10554,1.10167,1.10176,116906.1953
10.11.2019 01:00:00.000 GMT+0100,1.10230,1.10231,1.10191,1.10218,1359.5699
11.11.2019 01:00:00.000 GMT+0100,1.10217,1.10430,1.10163,1.10347,86681.3984
12.11.2019 01:00:00.000 GMT+0100,1.10347,1.10385,1.10025,1.10120,120036.4297
13.11.2019 01:00:00.000 GMT+0100,1.10120,1.10203,1.09953,1.10096,121193.0859
14.11.2019 01:00:00.000 GMT+0100,1.10096,1.10274,1.09890,1.10197,116532.0547
15.11.2019 01:00:00.000 GMT+0100,1.10198,1.10569,1.10145,1.10494,109547.4297
17.11.2019 01:00:00.000 GMT+0100,1.10489,1.10545,1.10487,1.10539,3888.6101
18.11.2019 01:00:00.000 GMT+0100,1.10540,1.10899,1.10533,1.10722,112908.3281
19.11.2019 01:00:00.000 GMT+0100,1.10721,1.10839,1.10626,1.10779,109962.5859
20.11.2019 01:00:00.000 GMT+0100,1.10781,1.10813,1.10530,1.10779,129488.8281
21.11.2019 01:00:00.000 GMT+0100,1.10779,1.10969,1.10522,1.10656,126596.8047
22.11.2019 01:00:00.000 GMT+0100,1.10657,1.10872,1.10143,1.10179,176378.375
24.11.2019 01:00:00.000 GMT+0100,1.10170,1.10225,1.10162,1.10225,3677.9399
25.11.2019 01:00:00.000 GMT+0100,1.10225,1.10321,1.10035,1.10104,115068.7188
26.11.2019 01:00:00.000 GMT+0100,1.10105,1.10256,1.10071,1.10220,111062.375
27.11.2019 01:00:00.000 GMT+0100,1.10220,1.10222,1.09922,1.10048,117354.7813
28.11.2019 01:00:00.000 GMT+0100,1.10049,1.10179,1.10003,1.10113,74289.8516
29.11.2019 01:00:00.000 GMT+0100,1.10113,1.10282,1.09811,1.10150,101410.5469
01.12.2019 01:00:00.000 GMT+0100,1.10229,1.10269,1.10170,1.10182,2960.7
02.12.2019 01:00:00.000 GMT+0100,1.10182,1.10907,1.10029,1.10761,133215.3281
03.12.2019 01:00:00.000 GMT+0100,1.10760,1.10934,1.10660,1.10818,129714.0313
04.12.2019 01:00:00.000 GMT+0100,1.10819,1.11161,1.10666,1.10827,151487.5781
05.12.2019 01:00:00.000 GMT+0100,1.10824,1.11080,1.10793,1.11038,123792.3047
06.12.2019 01:00:00.000 GMT+0100,1.11039,1.11097,1.10398,1.10543,120864.6094
08.12.2019 01:00:00.000 GMT+0100,1.10580,1.10604,1.10562,1.10582,1990.83
09.12.2019 01:00:00.000 GMT+0100,1.10581,1.10779,1.10533,1.10643,109027.3906
10.12.2019 01:00:00.000 GMT+0100,1.10642,1.10977,1.10628,1.10923,129542.9609
11.12.2019 01:00:00.000 GMT+0100,1.10923,1.11448,1.10701,1.11325,144933.3125
12.12.2019 01:00:00.000 GMT+0100,1.11326,1.11995,1.11029,1.11833,192578.1094
13.12.2019 01:00:00.000 GMT+0100,1.11833,1.11860,1.11120,1.11174,211781.3281
15.12.2019 01:00:00.000 GMT+0100,1.11280,1.11309,1.11225,1.11242,4374.1548
16.12.2019 01:00:00.000 GMT+0100,1.11241,1.11581,1.11229,1.11355,151090.5625
17.12.2019 01:00:00.000 GMT+0100,1.11355,1.11746,1.11293,1.11514,151614.5313
18.12.2019 01:00:00.000 GMT+0100,1.11512,1.11512,1.11105,1.11154,146608.2656
19.12.2019 01:00:00.000 GMT+0100,1.11154,1.11442,1.11072,1.11231,157736.0938
20.12.2019 01:00:00.000 GMT+0100,1.11231,1.11236,1.10662,1.10769,130731.8906
22.12.2019 01:00:00.000 GMT+0100,1.10810,1.10813,1.10766,1.10802,2560.48
23.12.2019 01:00:00.000 GMT+0100,1.10801,1.10958,1.10699,1.10917,108289.4297
24.12.2019 01:00:00.000 GMT+0100,1.10918,1.10938,1.10690,1.10873,80970.6797
25.12.2019 01:00:00.000 GMT+0100,1.10873,1.10953,1.10730,1.10944,4887.3101
26.12.2019 01:00:00.000 GMT+0100,1.10944,1.11088,1.10821,1.11012,52487.6328
27.12.2019 01:00:00.000 GMT+0100,1.11013,1.11883,1.10987,1.11713,124575.9063
29.12.2019 01:00:00.000 GMT+0100,1.11736,1.11839,1.11718,1.11813,3216.4995
30.12.2019 01:00:00.000 GMT+0100,1.11812,1.12207,1.11806,1.12013,130773.875
31.12.2019 01:00:00.000 GMT+0100,1.12013,1.12391,1.11987,1.12072,107777.3125
01.01.2020 01:00:00.000 GMT+0100,1.12120,1.12218,1.12106,1.12188,2621.3201
02.01.2020 01:00:00.000 GMT+0100,1.12188,1.12245,1.11635,1.11708,487219.125
03.01.2020 01:00:00.000 GMT+0100,1.11707,1.11798,1.11249,1.11548,177406.7969
05.01.2020 01:00:00.000 GMT+0100,1.11656,1.11677,1.11589,1.11604,4398.1001
06.01.2020 01:00:00.000 GMT+0100,1.11603,1.12055,1.11571,1.11954,139965.2813
07.01.2020 01:00:00.000 GMT+0100,1.11953,1.11970,1.11335,1.11540,155594.0938
08.01.2020 01:00:00.000 GMT+0100,1.11539,1.11682,1.11016,1.11129,195256.9531
09.01.2020 01:00:00.000 GMT+0100,1.11130,1.11204,1.10924,1.11093,142852.25
10.01.2020 01:00:00.000 GMT+0100,1.11092,1.11291,1.10850,1.11165,126780.2344
12.01.2020 01:00:00.000 GMT+0100,1.11141,1.11209,1.11128,1.11161,1889.078
13.01.2020 01:00:00.000 GMT+0100,1.11161,1.11469,1.11125,1.11344,121460.7891
14.01.2020 01:00:00.000 GMT+0100,1.11344,1.11444,1.11045,1.11275,137175.0156
15.01.2020 01:00:00.000 GMT+0100,1.11276,1.11634,1.11185,1.11524,149733.3906
16.01.2020 01:00:00.000 GMT+0100,1.11524,1.11727,1.11279,1.11368,132785.0625
17.01.2020 01:00:00.000 GMT+0100,1.11368,1.11425,1.10862,1.10890,123846.6094
19.01.2020 01:00:00.000 GMT+0100,1.10910,1.10948,1.10889,1.10946,3275.47
20.01.2020 01:00:00.000 GMT+0100,1.10946,1.11023,1.10766,1.10962,97595.1719
21.01.2020 01:00:00.000 GMT+0100,1.10963,1.11179,1.10809,1.10851,133266.4375
22.01.2020 01:00:00.000 GMT+0100,1.10851,1.10984,1.10700,1.10957,134188.8125
23.01.2020 01:00:00.000 GMT+0100,1.10956,1.11087,1.10362,1.10554,170440.2188
24.01.2020 01:00:00.000 GMT+0100,1.10554,1.10617,1.10195,1.10224,123758.2188
26.01.2020 01:00:00.000 GMT+0100,1.10318,1.10343,1.10244,1.10245,10936.5215
27.01.2020 01:00:00.000 GMT+0100,1.10245,1.10375,1.10096,1.10193,126594.6094
28.01.2020 01:00:00.000 GMT+0100,1.10193,1.10252,1.09978,1.10220,122883.0625
29.01.2020 01:00:00.000 GMT+0100,1.10220,1.10276,1.09923,1.10138,122855.7813
30.01.2020 01:00:00.000 GMT+0100,1.10138,1.10393,1.10069,1.10285,143391.9688
31.01.2020 01:00:00.000 GMT+0100,1.10285,1.10954,1.10168,1.10944,141170.5625
02.02.2020 01:00:00.000 GMT+0100,1.10939,1.10939,1.10813,1.10890,4187.0352
03.02.2020 01:00:00.000 GMT+0100,1.10890,1.10890,1.10356,1.10623,134304.0469
04.02.2020 01:00:00.000 GMT+0100,1.10623,1.10641,1.10328,1.10446,113725.5781
05.02.2020 01:00:00.000 GMT+0100,1.10449,1.10479,1.09937,1.10003,122270.9844
06.02.2020 01:00:00.000 GMT+0100,1.10003,1.10138,1.09644,1.09806,102177.7266
07.02.2020 01:00:00.000 GMT+0100,1.09809,1.09849,1.09419,1.09438,130363.4219
09.02.2020 01:00:00.000 GMT+0100,1.09439,1.09507,1.09419,1.09491,3793.48
10.02.2020 01:00:00.000 GMT+0100,1.09491,1.09574,1.09076,1.09101,103251.9531
11.02.2020 01:00:00.000 GMT+0100,1.09103,1.09248,1.08913,1.09189,96173.7422
12.02.2020 01:00:00.000 GMT+0100,1.09187,1.09255,1.08654,1.08756,252568.2656
13.02.2020 01:00:00.000 GMT+0100,1.08755,1.08887,1.08340,1.08413,336729.9375
14.02.2020 01:00:00.000 GMT+0100,1.08415,1.08611,1.08271,1.08299,118368.1875
16.02.2020 01:00:00.000 GMT+0100,1.08406,1.08416,1.08355,1.08411,3465.9651
17.02.2020 01:00:00.000 GMT+0100,1.08411,1.08509,1.08291,1.08366,74832.8672
18.02.2020 01:00:00.000 GMT+0100,1.08365,1.08372,1.07854,1.07949,131588.6406
19.02.2020 01:00:00.000 GMT+0100,1.07949,1.08115,1.07822,1.08096,105152.0547
20.02.2020 01:00:00.000 GMT+0100,1.08095,1.08211,1.07778,1.07875,154014.5938
21.02.2020 01:00:00.000 GMT+0100,1.07875,1.08635,1.07871,1.08456,187666.0156
23.02.2020 01:00:00.000 GMT+0100,1.08145,1.08419,1.08132,1.08384,7690.5391
24.02.2020 01:00:00.000 GMT+0100,1.08385,1.08720,1.08050,1.08485,174355.625
25.02.2020 01:00:00.000 GMT+0100,1.08485,1.08902,1.08300,1.08797,183218.0938
26.02.2020 01:00:00.000 GMT+0100,1.08796,1.09086,1.08549,1.08864,188216.9688
27.02.2020 01:00:00.000 GMT+0100,1.08865,1.10064,1.08848,1.09963,216943.1094
28.02.2020 01:00:00.000 GMT+0100,1.09964,1.10530,1.09509,1.10251,247670.5938
01.03.2020 01:00:00.000 GMT+0100,1.10423,1.10739,1.10393,1.10515,7536.564
02.03.2020 01:00:00.000 GMT+0100,1.10516,1.11845,1.10362,1.11443,247052.4375
03.03.2020 01:00:00.000 GMT+0100,1.11443,1.12134,1.10953,1.11765,214838.0938
04.03.2020 01:00:00.000 GMT+0100,1.11765,1.11875,1.10955,1.11380,163854.0625
05.03.2020 01:00:00.000 GMT+0100,1.11382,1.12447,1.11195,1.12224,194619.3281
06.03.2020 01:00:00.000 GMT+0100,1.12224,1.13546,1.12112,1.12804,236551.75
08.03.2020 01:00:00.000 GMT+0100,1.13473,1.13963,1.13350,1.13876,17976.084
09.03.2020 01:00:00.000 GMT+0100,1.13876,1.14954,1.13559,1.13989,291479.4063
10.03.2020 01:00:00.000 GMT+0100,1.13989,1.14251,1.12749,1.13136,263070.7188
11.03.2020 01:00:00.000 GMT+0100,1.13136,1.13667,1.12501,1.12611,198250.0469
12.03.2020 01:00:00.000 GMT+0100,1.12612,1.13336,1.10550,1.11823,262646.9375
13.03.2020 01:00:00.000 GMT+0100,1.11822,1.12213,1.10550,1.10992,229638.6094
15.03.2020 01:00:00.000 GMT+0100,1.10705,1.11996,1.10705,1.11560,30714.8027
16.03.2020 01:00:00.000 GMT+0100,1.11560,1.12366,1.10849,1.11633,278539.5313
17.03.2020 01:00:00.000 GMT+0100,1.11632,1.11891,1.09550,1.10160,277084.4063
18.03.2020 01:00:00.000 GMT+0100,1.10161,1.10451,1.08016,1.09442,323485.1875
19.03.2020 01:00:00.000 GMT+0100,1.09442,1.09490,1.06542,1.06544,299824.7813
20.03.2020 01:00:00.000 GMT+0100,1.06543,1.08309,1.06375,1.06929,470351.5625
22.03.2020 01:00:00.000 GMT+0100,1.07011,1.07044,1.06357,1.06886,36030.2383
23.03.2020 01:00:00.000 GMT+0100,1.06886,1.08279,1.06577,1.07635,443008.25
24.03.2020 01:00:00.000 GMT+0100,1.07633,1.08879,1.07457,1.07977,343182.5625
25.03.2020 01:00:00.000 GMT+0100,1.07978,1.08938,1.07599,1.08884,296546.4375
26.03.2020 01:00:00.000 GMT+0100,1.08882,1.10589,1.08742,1.10475,281315.5938
27.03.2020 01:00:00.000 GMT+0100,1.10475,1.11473,1.09533,1.11379,250774.625
29.03.2020 01:00:00.000 GMT+0100,1.11172,1.11440,1.11049,1.11361,8299.8926
30.03.2020 02:00:00.000 GMT+0200,1.11361,1.11383,1.10100,1.10290,193379.9844
31.03.2020 02:00:00.000 GMT+0200,1.10289,1.10427,1.09265,1.10259,319580.625
01.04.2020 02:00:00.000 GMT+0200,1.10260,1.10361,1.09026,1.09513,272233.5625
02.04.2020 02:00:00.000 GMT+0200,1.09514,1.09644,1.08206,1.08460,293209.625
03.04.2020 02:00:00.000 GMT+0200,1.08459,1.08553,1.07727,1.07955,264082.25
05.04.2020 02:00:00.000 GMT+0200,1.08082,1.08214,1.08026,1.08053,23173.3281
06.04.2020 02:00:00.000 GMT+0200,1.08053,1.08354,1.07683,1.07988,274564.5938
07.04.2020 02:00:00.000 GMT+0200,1.07988,1.09263,1.07904,1.08935,281112.8438
08.04.2020 02:00:00.000 GMT+0200,1.08934,1.08969,1.08299,1.08599,231765.5
09.04.2020 02:00:00.000 GMT+0200,1.08598,1.09516,1.08409,1.09226,263058.25
10.04.2020 02:00:00.000 GMT+0200,1.09226,1.09524,1.09192,1.09326,143841
12.04.2020 02:00:00.000 GMT+0200,1.09482,1.09482,1.09304,1.09315,7181.0718
13.04.2020 02:00:00.000 GMT+0200,1.09314,1.09678,1.08926,1.09198,164628.5469
14.04.2020 02:00:00.000 GMT+0200,1.09197,1.09907,1.09149,1.09834,226846.3281
15.04.2020 02:00:00.000 GMT+0200,1.09832,1.09872,1.08564,1.09037,241939.9688
16.04.2020 02:00:00.000 GMT+0200,1.09036,1.09072,1.08166,1.08584,281466.75
17.04.2020 02:00:00.000 GMT+0200,1.08588,1.08926,1.08119,1.08711,249748.0781
19.04.2020 02:00:00.000 GMT+0200,1.08748,1.08777,1.08634,1.08635,7584.6328
20.04.2020 02:00:00.000 GMT+0200,1.08635,1.08967,1.08411,1.08637,209651.7031
21.04.2020 02:00:00.000 GMT+0200,1.08636,1.08802,1.08165,1.08563,265105.9688
22.04.2020 02:00:00.000 GMT+0200,1.08563,1.08852,1.08032,1.08062,216287.7188
23.04.2020 02:00:00.000 GMT+0200,1.08062,1.08466,1.07560,1.07743,279998.5938
24.04.2020 02:00:00.000 GMT+0200,1.07743,1.08294,1.07271,1.08196,228532.4063
26.04.2020 02:00:00.000 GMT+0200,1.08211,1.08228,1.08146,1.08209,5396.6851
27.04.2020 02:00:00.000 GMT+0200,1.08208,1.08602,1.08112,1.08245,208270.5781
28.04.2020 02:00:00.000 GMT+0200,1.08244,1.08884,1.08097,1.08324,211896.2188
29.04.2020 02:00:00.000 GMT+0200,1.08324,1.08856,1.08308,1.08772,215394.3125
30.04.2020 02:00:00.000 GMT+0200,1.08770,1.09726,1.08330,1.09448,291724.5
01.05.2020 02:00:00.000 GMT+0200,1.09447,1.10187,1.09344,1.09777,184960.0156
03.05.2020 02:00:00.000 GMT+0200,1.09676,1.09736,1.09529,1.09608,10641.8027
04.05.2020 02:00:00.000 GMT+0200,1.09608,1.09609,1.08956,1.09030,214135.9375
05.05.2020 02:00:00.000 GMT+0200,1.09031,1.09258,1.08258,1.08384,236417.5469
06.05.2020 02:00:00.000 GMT+0200,1.08385,1.08438,1.07819,1.07980,241116.2031
07.05.2020 02:00:00.000 GMT+0200,1.07980,1.08408,1.07665,1.08361,233085.5625
08.05.2020 02:00:00.000 GMT+0200,1.08360,1.08756,1.08151,1.08371,163403.4063
10.05.2020 02:00:00.000 GMT+0200,1.08265,1.08395,1.08239,1.08377,8709.1602
11.05.2020 02:00:00.000 GMT+0200,1.08377,1.08504,1.08005,1.08093,212806.2188
12.05.2020 02:00:00.000 GMT+0200,1.08093,1.08851,1.07843,1.08454,207027.4844
13.05.2020 02:00:00.000 GMT+0200,1.08455,1.08965,1.08116,1.08210,228996.5
14.05.2020 02:00:00.000 GMT+0200,1.08210,1.08239,1.07748,1.08060,213993.2031
15.05.2020 02:00:00.000 GMT+0200,1.08061,1.08509,1.07888,1.08183,198840.125
17.05.2020 02:00:00.000 GMT+0200,1.08088,1.08231,1.08067,1.08186,6917.0308
18.05.2020 02:00:00.000 GMT+0200,1.08186,1.09270,1.07999,1.09139,204151.8594
19.05.2020 02:00:00.000 GMT+0200,1.09138,1.09759,1.09021,1.09260,247821.0625
20.05.2020 02:00:00.000 GMT+0200,1.09262,1.09989,1.09262,1.09796,211258.4375
21.05.2020 02:00:00.000 GMT+0200,1.09794,1.10083,1.09371,1.09490,175874.2969
22.05.2020 02:00:00.000 GMT+0200,1.09491,1.09535,1.08852,1.08980,156656.8125
24.05.2020 02:00:00.000 GMT+0200,1.08956,1.09083,1.08951,1.09079,4079.3401
25.05.2020 02:00:00.000 GMT+0200,1.09080,1.09144,1.08706,1.09016,98775.9844
26.05.2020 02:00:00.000 GMT+0200,1.09015,1.09957,1.08969,1.09784,207536.2813
27.05.2020 02:00:00.000 GMT+0200,1.09785,1.10307,1.09340,1.10166,319490.5625
28.05.2020 02:00:00.000 GMT+0200,1.10165,1.10934,1.09916,1.10779,231205.2031
29.05.2020 02:00:00.000 GMT+0200,1.10778,1.11451,1.10698,1.11036,373017.4375
31.05.2020 02:00:00.000 GMT+0200,1.11129,1.11195,1.11023,1.11156,9217.4834
01.06.2020 02:00:00.000 GMT+0200,1.11155,1.11540,1.11004,1.11251,240616.0625
02.06.2020 02:00:00.000 GMT+0200,1.11252,1.11959,1.11151,1.11851,276683.4688
03.06.2020 02:00:00.000 GMT+0200,1.11850,1.12577,1.11795,1.12349,242084.625
04.06.2020 02:00:00.000 GMT+0200,1.12350,1.13623,1.11947,1.13354,275772.8125
05.06.2020 02:00:00.000 GMT+0200,1.13357,1.13836,1.12784,1.12911,263541.625
07.06.2020 02:00:00.000 GMT+0200,1.12934,1.13198,1.12930,1.13160,6413.0171
08.06.2020 02:00:00.000 GMT+0200,1.13160,1.13185,1.12682,1.13040,199303.5156
09.06.2020 02:00:00.000 GMT+0200,1.13040,1.13638,1.12409,1.13320,237762.3438
10.06.2020 02:00:00.000 GMT+0200,1.13320,1.14224,1.13219,1.13667,252826.7344
11.06.2020 02:00:00.000 GMT+0200,1.13668,1.14036,1.12870,1.12879,306096.3125
12.06.2020 02:00:00.000 GMT+0200,1.12881,1.13405,1.12125,1.12550,296425.75
14.06.2020 02:00:00.000 GMT+0200,1.12329,1.12582,1.12262,1.12515,17507.6055
15.06.2020 02:00:00.000 GMT+0200,1.12516,1.13380,1.12267,1.13375,281658.125
16.06.2020 02:00:00.000 GMT+0200,1.13376,1.13532,1.12278,1.12648,237631.6563
17.06.2020 02:00:00.000 GMT+0200,1.12649,1.12939,1.12068,1.12419,248307.1875
18.06.2020 02:00:00.000 GMT+0200,1.12419,1.12613,1.11854,1.12076,234913.4688
19.06.2020 02:00:00.000 GMT+0200,1.12075,1.12542,1.11680,1.11759,232203.7188
21.06.2020 02:00:00.000 GMT+0200,1.11835,1.11874,1.11684,1.11766,6131.2251
22.06.2020 02:00:00.000 GMT+0200,1.11766,1.12809,1.11737,1.12776,184243.7969
23.06.2020 02:00:00.000 GMT+0200,1.12775,1.13486,1.12330,1.13124,233937.0625
24.06.2020 02:00:00.000 GMT+0200,1.13124,1.13257,1.12481,1.12499,231619.3281
25.06.2020 02:00:00.000 GMT+0200,1.12500,1.12597,1.11903,1.12179,240800.3594
26.06.2020 02:00:00.000 GMT+0200,1.12179,1.12393,1.11951,1.12170,162424.875
28.06.2020 02:00:00.000 GMT+0200,1.12149,1.12280,1.12149,1.12219,5271.7681
29.06.2020 02:00:00.000 GMT+0200,1.12219,1.12879,1.12193,1.12467,181085.5313
30.06.2020 02:00:00.000 GMT+0200,1.12466,1.12619,1.11910,1.12335,194383.5625
01.07.2020 02:00:00.000 GMT+0200,1.12336,1.12751,1.11848,1.12511,189129.4531
02.07.2020 02:00:00.000 GMT+0200,1.12511,1.13026,1.12233,1.12372,183464.5
03.07.2020 02:00:00.000 GMT+0200,1.12373,1.12518,1.12192,1.12464,140495.2813
05.07.2020 02:00:00.000 GMT+0200,1.12433,1.12494,1.12411,1.12466,2507.875
06.07.2020 02:00:00.000 GMT+0200,1.12467,1.13454,1.12467,1.13123,145664.625
07.07.2020 02:00:00.000 GMT+0200,1.13123,1.13325,1.12588,1.12744,162703.3594
08.07.2020 02:00:00.000 GMT+0200,1.12745,1.13518,1.12623,1.13372,163826.2656
09.07.2020 02:00:00.000 GMT+0200,1.13372,1.13706,1.12801,1.12879,195471.4844
10.07.2020 02:00:00.000 GMT+0200,1.12881,1.13247,1.12547,1.12990,178134.6875
12.07.2020 02:00:00.000 GMT+0200,1.13039,1.13173,1.13026,1.13085,5807.625
13.07.2020 02:00:00.000 GMT+0200,1.13086,1.13748,1.13008,1.13447,248162.6719
14.07.2020 02:00:00.000 GMT+0200,1.13447,1.14123,1.13251,1.14099,354217.1563
15.07.2020 02:00:00.000 GMT+0200,1.14100,1.14520,1.13910,1.14168,303168.6875
16.07.2020 02:00:00.000 GMT+0200,1.14168,1.14417,1.13704,1.13878,293660.7188
17.07.2020 02:00:00.000 GMT+0200,1.13877,1.14436,1.13774,1.14269,168987.2031
19.07.2020 02:00:00.000 GMT+0200,1.14084,1.14456,1.14084,1.14421,7678.5635
20.07.2020 02:00:00.000 GMT+0200,1.14421,1.14677,1.14023,1.14557,284703.875
21.07.2020 02:00:00.000 GMT+0200,1.14559,1.15423,1.14228,1.15350,385745.0313
22.07.2020 02:00:00.000 GMT+0200,1.15350,1.16013,1.15068,1.15646,468570.8125
23.07.2020 02:00:00.000 GMT+0200,1.15647,1.16268,1.15403,1.15952,357357.4063
24.07.2020 02:00:00.000 GMT+0200,1.15953,1.16580,1.15812,1.16546,407293.2188
26.07.2020 02:00:00.000 GMT+0200,1.16430,1.16555,1.16413,1.16495,16069.0898
27.07.2020 02:00:00.000 GMT+0200,1.16496,1.17813,1.16494,1.17682,338699.4375
28.07.2020 02:00:00.000 GMT+0200,1.17681,1.17736,1.16987,1.17185,336526.1875
29.07.2020 02:00:00.000 GMT+0200,1.17185,1.18061,1.17139,1.17806,341900.1875
30.07.2020 02:00:00.000 GMT+0200,1.17809,1.18762,1.17308,1.18719,354825.0625
31.07.2020 02:00:00.000 GMT+0200,1.18718,1.19087,1.17617,1.17753,553539.375
02.08.2020 02:00:00.000 GMT+0200,1.17725,1.17966,1.17717,1.17810,7695.7437
03.08.2020 02:00:00.000 GMT+0200,1.17809,1.17887,1.16959,1.17603,312773.7188
04.08.2020 02:00:00.000 GMT+0200,1.17603,1.18148,1.17211,1.18136,449648.8438
05.08.2020 02:00:00.000 GMT+0200,1.18135,1.19048,1.17992,1.18720,1039918.4375
06.08.2020 02:00:00.000 GMT+0200,1.18721,1.19160,1.18179,1.18752,1280256.875
07.08.2020 02:00:00.000 GMT+0200,1.18753,1.18818,1.17551,1.17862,430356.4063
09.08.2020 02:00:00.000 GMT+0200,1.17886,1.17896,1.17732,1.17810,7007.4502
10.08.2020 02:00:00.000 GMT+0200,1.17810,1.18006,1.17357,1.17360,299071.0313
11.08.2020 02:00:00.000 GMT+0200,1.17360,1.18080,1.17219,1.17347,587871.125
12.08.2020 02:00:00.000 GMT+0200,1.17348,1.18170,1.17110,1.17939,625327.1875
13.08.2020 02:00:00.000 GMT+0200,1.17939,1.18641,1.17934,1.18155,453052.5938
14.08.2020 02:00:00.000 GMT+0200,1.18153,1.18503,1.17817,1.18414,329642.9375
16.08.2020 02:00:00.000 GMT+0200,1.18389,1.18528,1.18324,1.18518,3805.8503
17.08.2020 02:00:00.000 GMT+0200,1.18518,1.18809,1.18286,1.18745,302891.1563
18.08.2020 02:00:00.000 GMT+0200,1.18745,1.19656,1.18742,1.19464,326668.8125
19.08.2020 02:00:00.000 GMT+0200,1.19463,1.19526,1.18302,1.18437,530337.5
20.08.2020 02:00:00.000 GMT+0200,1.18440,1.18711,1.18019,1.18695,426169.5313
21.08.2020 02:00:00.000 GMT+0200,1.18694,1.18828,1.17541,1.17949,382701.125
23.08.2020 02:00:00.000 GMT+0200,1.17911,1.18065,1.17911,1.17981,6345.9419
24.08.2020 02:00:00.000 GMT+0200,1.17981,1.18495,1.17841,1.17934,214786.5156
25.08.2020 02:00:00.000 GMT+0200,1.17934,1.18435,1.17841,1.18339,421864.8125
26.08.2020 02:00:00.000 GMT+0200,1.18340,1.18406,1.17721,1.18400,274338.5313
27.08.2020 02:00:00.000 GMT+0200,1.18403,1.19018,1.17623,1.18205,467429.6563
28.08.2020 02:00:00.000 GMT+0200,1.18205,1.19197,1.18109,1.19018,567104
30.08.2020 02:00:00.000 GMT+0200,1.18998,1.19202,1.18996,1.19171,8330.4268
31.08.2020 02:00:00.000 GMT+0200,1.19170,1.19660,1.18840,1.19367,995787.625
01.09.2020 02:00:00.000 GMT+0200,1.19368,1.20113,1.19013,1.19226,376195.2813
02.09.2020 02:00:00.000 GMT+0200,1.19224,1.19239,1.18221,1.18457,739082.4375
03.09.2020 02:00:00.000 GMT+0200,1.18458,1.18646,1.17889,1.18412,892492.0625
04.09.2020 02:00:00.000 GMT+0200,1.18413,1.18654,1.17809,1.18371,952444.75
06.09.2020 02:00:00.000 GMT+0200,1.18432,1.18469,1.18319,1.18342,15545.3623
07.09.2020 02:00:00.000 GMT+0200,1.18342,1.18486,1.18116,1.18188,471436.875
08.09.2020 02:00:00.000 GMT+0200,1.18187,1.18273,1.17570,1.17667,908454.125
09.09.2020 02:00:00.000 GMT+0200,1.17667,1.18339,1.17527,1.18037,842865.5625
10.09.2020 02:00:00.000 GMT+0200,1.18035,1.19175,1.18004,1.18234,1083338.875
11.09.2020 02:00:00.000 GMT+0200,1.18237,1.18741,1.18237,1.18453,905062.625
13.09.2020 02:00:00.000 GMT+0200,1.18348,1.18473,1.18347,1.18404,20594.7227
14.09.2020 02:00:00.000 GMT+0200,1.18404,1.18880,1.18319,1.18671,900788.1875
15.09.2020 02:00:00.000 GMT+0200,1.18670,1.19005,1.18395,1.18419,893130.9375
16.09.2020 02:00:00.000 GMT+0200,1.18420,1.18825,1.17876,1.18045,998102.4375
17.09.2020 02:00:00.000 GMT+0200,1.18043,1.18561,1.17373,1.18468,1401776.25
18.09.2020 02:00:00.000 GMT+0200,1.18468,1.18705,1.18260,1.18385,1078640.75
20.09.2020 02:00:00.000 GMT+0200,1.18369,1.18498,1.18369,1.18456,29085.1992
21.09.2020 02:00:00.000 GMT+0200,1.18455,1.18717,1.17317,1.17626,1312995
22.09.2020 02:00:00.000 GMT+0200,1.17627,1.17715,1.16916,1.17059,1027230.375
23.09.2020 02:00:00.000 GMT+0200,1.17060,1.17188,1.16513,1.16568,1089493.375
24.09.2020 02:00:00.000 GMT+0200,1.16567,1.16869,1.16265,1.16735,1080750.625
25.09.2020 02:00:00.000 GMT+0200,1.16735,1.16850,1.16121,1.16277,973123.5
27.09.2020 02:00:00.000 GMT+0200,1.16271,1.16377,1.16206,1.16341,14362.0684
28.09.2020 02:00:00.000 GMT+0200,1.16341,1.16799,1.16150,1.16768,1029113
29.09.2020 02:00:00.000 GMT+0200,1.16768,1.17457,1.16652,1.17414,978153.125
30.09.2020 02:00:00.000 GMT+0200,1.17414,1.17548,1.16847,1.17232,1342323.5
01.10.2020 02:00:00.000 GMT+0200,1.17234,1.17696,1.17171,1.17439,1320011.875
02.10.2020 02:00:00.000 GMT+0200,1.17439,1.17445,1.16956,1.17157,1382583.625
04.10.2020 02:00:00.000 GMT+0200,1.17110,1.17201,1.17053,1.17195,34534.7539
05.10.2020 02:00:00.000 GMT+0200,1.17195,1.17975,1.17176,1.17891,1035147.5625
06.10.2020 02:00:00.000 GMT+0200,1.17889,1.18077,1.17302,1.17371,1216189.75
07.10.2020 02:00:00.000 GMT+0200,1.17370,1.17818,1.17249,1.17657,1176356.75
08.10.2020 02:00:00.000 GMT+0200,1.17657,1.17816,1.17326,1.17668,1112885.125
09.10.2020 02:00:00.000 GMT+0200,1.17667,1.18310,1.17576,1.18248,1032612.125
11.10.2020 02:00:00.000 GMT+0200,1.18103,1.18226,1.18102,1.18157,28731.9805
12.10.2020 02:00:00.000 GMT+0200,1.18156,1.18266,1.17867,1.18129,950505.875
13.10.2020 02:00:00.000 GMT+0200,1.18127,1.18139,1.17304,1.17420,1201636
14.10.2020 02:00:00.000 GMT+0200,1.17419,1.17710,1.17199,1.17447,1142140
15.10.2020 02:00:00.000 GMT+0200,1.17444,1.17578,1.16884,1.17064,1050044.25
16.10.2020 02:00:00.000 GMT+0200,1.17065,1.17462,1.16939,1.17132,929525
18.10.2020 02:00:00.000 GMT+0200,1.17181,1.17209,1.17112,1.17156,8770.6885
19.10.2020 02:00:00.000 GMT+0200,1.17154,1.17936,1.17031,1.17683,689669.0625
20.10.2020 02:00:00.000 GMT+0200,1.17683,1.18407,1.17598,1.18290,811250.25
21.10.2020 02:00:00.000 GMT+0200,1.18289,1.18807,1.18280,1.18516,948227.5
22.10.2020 02:00:00.000 GMT+0200,1.18516,1.18668,1.18114,1.18146,932241.125
23.10.2020 02:00:00.000 GMT+0200,1.18143,1.18648,1.17866,1.18572,878053.375
25.10.2020 02:00:00.000 GMT+0200,1.18546,1.18605,1.18392,1.18479,21793.4902
26.10.2020 01:00:00.000 GMT+0100,1.18479,1.18504,1.18032,1.18091,845757.0625
27.10.2020 01:00:00.000 GMT+0100,1.18092,1.18387,1.17695,1.17815,813994.6875
28.10.2020 01:00:00.000 GMT+0100,1.17818,1.17879,1.17178,1.17482,1028901.3125
29.10.2020 01:00:00.000 GMT+0100,1.17482,1.17587,1.16501,1.16783,779715.1875
30.10.2020 01:00:00.000 GMT+0100,1.16782,1.17042,1.16400,1.16431,900537.75
01.11.2020 01:00:00.000 GMT+0100,1.16498,1.16503,1.16386,1.16416,10966.4951
02.11.2020 01:00:00.000 GMT+0100,1.16415,1.16557,1.16221,1.16404,827466.125
03.11.2020 01:00:00.000 GMT+0100,1.16405,1.17639,1.16372,1.17616,660774.125
04.11.2020 01:00:00.000 GMT+0100,1.17617,1.17704,1.16026,1.17321,1295234.25
05.11.2020 01:00:00.000 GMT+0100,1.17321,1.18596,1.17107,1.18167,954521.8125
06.11.2020 01:00:00.000 GMT+0100,1.18169,1.18908,1.17952,1.18700,499431.875
08.11.2020 01:00:00.000 GMT+0100,1.18898,1.18950,1.18833,1.18924,11420.79
09.11.2020 01:00:00.000 GMT+0100,1.18924,1.19199,1.17952,1.18240,695880.0625
10.11.2020 01:00:00.000 GMT+0100,1.18240,1.18432,1.17799,1.18184,627024.0625
11.11.2020 01:00:00.000 GMT+0100,1.18183,1.18327,1.17454,1.17792,422665.5938
12.11.2020 01:00:00.000 GMT+0100,1.17792,1.18231,1.17585,1.18038,454094.1563
13.11.2020 01:00:00.000 GMT+0100,1.18039,1.18374,1.17989,1.18310,378814.0625
15.11.2020 01:00:00.000 GMT+0100,1.18411,1.18488,1.18288,1.18448,9468.0313
16.11.2020 01:00:00.000 GMT+0100,1.18447,1.18689,1.18141,1.18592,388646.5625
17.11.2020 01:00:00.000 GMT+0100,1.18593,1.18937,1.18425,1.18636,335326.4063
18.11.2020 01:00:00.000 GMT+0100,1.18637,1.18908,1.18448,1.18451,358176.1563
19.11.2020 01:00:00.000 GMT+0100,1.18452,1.18825,1.18161,1.18653,416513.0625
20.11.2020 01:00:00.000 GMT+0100,1.18655,1.18908,1.18498,1.18544,386941.25
22.11.2020 01:00:00.000 GMT+0100,1.18538,1.18659,1.18528,1.18654,7551.1523
23.11.2020 01:00:00.000 GMT+0100,1.18655,1.19060,1.17997,1.18422,375071.4063
24.11.2020 01:00:00.000 GMT+0100,1.18422,1.18978,1.18384,1.18974,450084.1563
25.11.2020 01:00:00.000 GMT+0100,1.18976,1.19297,1.18818,1.19162,434675.0938
26.11.2020 01:00:00.000 GMT+0100,1.19164,1.19409,1.18852,1.19109,310782.625
27.11.2020 01:00:00.000 GMT+0100,1.19110,1.19641,1.19094,1.19620,294690.3438
29.11.2020 01:00:00.000 GMT+0100,1.19614,1.19738,1.19610,1.19721,5691.4702
30.11.2020 01:00:00.000 GMT+0100,1.19722,1.20032,1.19236,1.19374,427702.0313
01.12.2020 01:00:00.000 GMT+0100,1.19372,1.20765,1.19353,1.20706,329924.8438
02.12.2020 01:00:00.000 GMT+0100,1.20707,1.21183,1.20399,1.21138,356276.75
03.12.2020 01:00:00.000 GMT+0100,1.21137,1.21746,1.21010,1.21449,370341.0625
04.12.2020 01:00:00.000 GMT+0100,1.21449,1.21773,1.21101,1.21202,419231.5313
06.12.2020 01:00:00.000 GMT+0100,1.21308,1.21324,1.21195,1.21200,7098.7793
07.12.2020 01:00:00.000 GMT+0100,1.21199,1.21662,1.20784,1.21092,401999.875
08.12.2020 01:00:00.000 GMT+0100,1.21091,1.21339,1.20953,1.21094,342799.9063
09.12.2020 01:00:00.000 GMT+0100,1.21095,1.21475,1.20587,1.20784,239315.6875
10.12.2020 01:00:00.000 GMT+0100,1.20784,1.21588,1.20784,1.21433,236013.9531
11.12.2020 01:00:00.000 GMT+0100,1.21434,1.21629,1.21053,1.21086,192928.9531
13.12.2020 01:00:00.000 GMT+0100,1.21367,1.21435,1.21324,1.21331,5045.9819
14.12.2020 01:00:00.000 GMT+0100,1.21331,1.21767,1.21155,1.21486,160627.7969
15.12.2020 01:00:00.000 GMT+0100,1.21485,1.21689,1.21210,1.21543,143307.1563
16.12.2020 01:00:00.000 GMT+0100,1.21543,1.22121,1.21250,1.21961,173026.9219
17.12.2020 01:00:00.000 GMT+0100,1.21961,1.22726,1.21898,1.22614,169625.5
18.12.2020 01:00:00.000 GMT+0100,1.22613,1.22687,1.22255,1.22559,159228.8125
20.12.2020 01:00:00.000 GMT+0100,1.22210,1.22348,1.22113,1.22118,5809.9399
21.12.2020 01:00:00.000 GMT+0100,1.22118,1.22529,1.21296,1.22346,232228.6406
22.12.2020 01:00:00.000 GMT+0100,1.22347,1.22570,1.21520,1.21872,203050.9688
23.12.2020 01:00:00.000 GMT+0100,1.21871,1.22210,1.21538,1.21939,186474.2969
24.12.2020 01:00:00.000 GMT+0100,1.21940,1.22156,1.21773,1.21820,150064.3594
25.12.2020 01:00:00.000 GMT+0100,1.21816,1.22031,1.21709,1.21922,3921.99
27.12.2020 01:00:00.000 GMT+0100,1.21860,1.22072,1.21811,1.22038,6146.7871
28.12.2020 01:00:00.000 GMT+0100,1.22039,1.22502,1.21811,1.22196,137271.5938
29.12.2020 01:00:00.000 GMT+0100,1.22196,1.22750,1.22193,1.22519,152109.0313
30.12.2020 01:00:00.000 GMT+0100,1.22520,1.23101,1.22511,1.22984,157635.7188
31.12.2020 01:00:00.000 GMT+0100,1.22986,1.23092,1.22091,1.22141,162429.7031
03.01.2021 01:00:00.000 GMT+0100,1.22396,1.22527,1.22296,1.22500,6989.462
04.01.2021 01:00:00.000 GMT+0100,1.22499,1.23096,1.22385,1.22525,244606.3341
05.01.2021 01:00:00.000 GMT+0100,1.22525,1.23056,1.22470,1.22984,193568.3081
06.01.2021 01:00:00.000 GMT+0100,1.22985,1.23494,1.22655,1.23382,269830.4942
07.01.2021 01:00:00.000 GMT+0100,1.23384,1.23443,1.22450,1.22691,195084.44959999996
08.01.2021 01:00:00.000 GMT+0100,1.22690,1.22845,1.21929,1.22174,235964.63380000004
10.01.2021 01:00:00.000 GMT+0100,1.22175,1.22284,1.21821,1.21870,15988.934500000001
11.01.2021 01:00:00.000 GMT+0100,1.21869,1.21998,1.21321,1.21605,185504.91199999995
12.01.2021 01:00:00.000 GMT+0100,1.21605,1.22097,1.21371,1.22085,157612.43400000004
13.01.2021 01:00:00.000 GMT+0100,1.22087,1.22227,1.21399,1.21619,172759.12989999997
14.01.2021 01:00:00.000 GMT+0100,1.21618,1.21784,1.21110,1.21506,194298.37200000003
15.01.2021 01:00:00.000 GMT+0100,1.21505,1.21624,1.20747,1.20748,164729.6905
17.01.2021 01:00:00.000 GMT+0100,1.20838,1.20865,1.20660,1.20662,5839.6972
18.01.2021 01:00:00.000 GMT+0100,1.20661,1.20867,1.20535,1.20776,119422.25
19.01.2021 01:00:00.000 GMT+0100,1.20775,1.21448,1.20772,1.21391,178228.68910000002
20.01.2021 01:00:00.000 GMT+0100,1.21392,1.21581,1.20767,1.21144,168179.91259999998
21.01.2021 01:00:00.000 GMT+0100,1.21145,1.21730,1.21093,1.21654,164673.6593
22.01.2021 01:00:00.000 GMT+0100,1.21654,1.21894,1.21515,1.21667,139074.2614
24.01.2021 01:00:00.000 GMT+0100,1.21688,1.21716,1.21622,1.21668,4778.5141
25.01.2021 01:00:00.000 GMT+0100,1.21670,1.21832,1.21158,1.21426,162031.37769999995
26.01.2021 01:00:00.000 GMT+0100,1.21427,1.21758,1.21076,1.21632,146230.4043
27.01.2021 01:00:00.000 GMT+0100,1.21632,1.21696,1.20585,1.21027,202691.46769999998
28.01.2021 01:00:00.000 GMT+0100,1.21028,1.21424,1.20807,1.21209,198588.0751
29.01.2021 01:00:00.000 GMT+0100,1.21209,1.21560,1.20944,1.21298,191330.83319999996
31.01.2021 01:00:00.000 GMT+0100,1.21297,1.21326,1.21204,1.21227,6872.5492
01.02.2021 01:00:00.000 GMT+0100,1.21225,1.21363,1.20560,1.20676,165569.8187
02.02.2021 01:00:00.000 GMT+0100,1.20676,1.20877,1.20115,1.20365,147916.46070000003
03.02.2021 01:00:00.000 GMT+0100,1.20365,1.20500,1.20040,1.20412,119397.11380000004
04.02.2021 01:00:00.000 GMT+0100,1.20413,1.20427,1.19574,1.19662,123758.4363
05.02.2021 01:00:00.000 GMT+0100,1.19659,1.20498,1.19522,1.20481,120889.91680000002
07.02.2021 01:00:00.000 GMT+0100,1.20375,1.20550,1.20356,1.20483,15699.007599999999
08.02.2021 01:00:00.000 GMT+0100,1.20484,1.20660,1.20196,1.20522,104199.0501
09.02.2021 01:00:00.000 GMT+0100,1.20522,1.21218,1.20491,1.21161,133499.0298
10.02.2021 01:00:00.000 GMT+0100,1.21162,1.21440,1.21088,1.21190,129989.7775
11.02.2021 01:00:00.000 GMT+0100,1.21189,1.21494,1.21134,1.21304,88196.30300000001
12.02.2021 01:00:00.000 GMT+0100,1.21306,1.21332,1.20815,1.21177,81669.75490000001
14.02.2021 01:00:00.000 GMT+0100,1.21244,1.21251,1.21191,1.21204,3240.6984
15.02.2021 01:00:00.000 GMT+0100,1.21206,1.21451,1.21167,1.21320,67330.5012
16.02.2021 01:00:00.000 GMT+0100,1.21319,1.21693,1.20859,1.20880,122475.05529999999
17.02.2021 01:00:00.000 GMT+0100,1.20879,1.20982,1.20232,1.20455,127748.64990000002
18.02.2021 01:00:00.000 GMT+0100,1.20454,1.20958,1.20355,1.20917,118499.33080000001
19.02.2021 01:00:00.000 GMT+0100,1.20917,1.21444,1.20823,1.21167,118566.9945
21.02.2021 01:00:00.000 GMT+0100,1.21151,1.21292,1.21141,1.21247,5489.6201
22.02.2021 01:00:00.000 GMT+0100,1.21246,1.21693,1.20911,1.21638,133388.40549999996
23.02.2021 01:00:00.000 GMT+0100,1.21637,1.21801,1.21353,1.21506,123305.62460000002
24.02.2021 01:00:00.000 GMT+0100,1.21506,1.21745,1.21092,1.21693,161180.1352
25.02.2021 01:00:00.000 GMT+0100,1.21696,1.22433,1.21559,1.21577,235388.7543
26.02.2021 01:00:00.000 GMT+0100,1.21579,1.21826,1.20621,1.20704,305265.80419999996
28.02.2021 01:00:00.000 GMT+0100,1.20702,1.20919,1.20699,1.20903,8260.37
01.03.2021 01:00:00.000 GMT+0100,1.20905,1.21011,1.20276,1.20484,153278.15510000003
02.03.2021 01:00:00.000 GMT+0100,1.20485,1.20943,1.19916,1.20848,162621.889
03.03.2021 01:00:00.000 GMT+0100,1.20850,1.21132,1.20427,1.20464,182492.7105
04.03.2021 01:00:00.000 GMT+0100,1.20463,1.20630,1.19605,1.19672,215954.63429999998
05.03.2021 01:00:00.000 GMT+0100,1.19671,1.19687,1.18932,1.19128,242281.4025
07.03.2021 01:00:00.000 GMT+0100,1.19177,1.19319,1.19168,1.19263,6671.0674
08.03.2021 01:00:00.000 GMT+0100,1.19262,1.19321,1.18442,1.18508,184844.18910000005
09.03.2021 01:00:00.000 GMT+0100,1.18509,1.19156,1.18355,1.18967,167708.7296
10.03.2021 01:00:00.000 GMT+0100,1.18967,1.19296,1.18688,1.19242,153883.48019999996
11.03.2021 01:00:00.000 GMT+0100,1.19242,1.19899,1.19156,1.19808,153547.78650000005
12.03.2021 01:00:00.000 GMT+0100,1.19809,1.19884,1.19099,1.19476,152735.99
14.03.2021 01:00:00.000 GMT+0100,1.19451,1.19542,1.19433,1.19500,6576.9802
15.03.2021 01:00:00.000 GMT+0100,1.19501,1.19674,1.19110,1.19263,121796.117
16.03.2021 01:00:00.000 GMT+0100,1.19263,1.19518,1.18819,1.19020,127974.59580000001
17.03.2021 01:00:00.000 GMT+0100,1.19018,1.19873,1.18861,1.19825,137365.59780000002
18.03.2021 01:00:00.000 GMT+0100,1.19827,1.19888,1.19061,1.19174,178340.08179999999
19.03.2021 01:00:00.000 GMT+0100,1.19175,1.19371,1.18738,1.19031,135306.2807
21.03.2021 01:00:00.000 GMT+0100,1.18712,1.18900,1.18708,1.18835,7679.5
22.03.2021 01:00:00.000 GMT+0100,1.18837,1.19468,1.18744,1.19322,113512.64259999999
23.03.2021 01:00:00.000 GMT+0100,1.19323,1.19407,1.18360,1.18396,123346.47030000003
24.03.2021 01:00:00.000 GMT+0100,1.18399,1.18508,1.18089,1.18127,126095.36929999999
25.03.2021 01:00:00.000 GMT+0100,1.18128,1.18277,1.17617,1.17756,137243.33539999998
26.03.2021 01:00:00.000 GMT+0100,1.17756,1.18049,1.17716,1.17918,94770.2411
28.03.2021 01:00:00.000 GMT+0100,1.17917,1.17935,1.17855,1.17874,3732.0348999999997
29.03.2021 02:00:00.000 GMT+0200,1.17874,1.17939,1.17606,1.17685,107822.28589999997
30.03.2021 02:00:00.000 GMT+0200,1.17684,1.17737,1.17112,1.17231,101727.78929999999
31.03.2021 02:00:00.000 GMT+0200,1.17230,1.17598,1.17040,1.17270,108988.6351
01.04.2021 02:00:00.000 GMT+0200,1.17271,1.17825,1.17125,1.17772,100309.9147
02.04.2021 02:00:00.000 GMT+0200,1.17772,1.17866,1.17490,1.17603,70427.388
04.04.2021 02:00:00.000 GMT+0200,1.17544,1.17678,1.17532,1.17676,5377.8649000000005
05.04.2021 02:00:00.000 GMT+0200,1.17674,1.18194,1.17379,1.18169,60541.96079999999
06.04.2021 02:00:00.000 GMT+0200,1.18168,1.18776,1.17951,1.18737,92598.87150000001
07.04.2021 02:00:00.000 GMT+0200,1.18737,1.19147,1.18608,1.18723,94196.8684
08.04.2021 02:00:00.000 GMT+0200,1.18724,1.19274,1.18609,1.19153,88307.42709999999
09.04.2021 02:00:00.000 GMT+0200,1.19151,1.19201,1.18669,1.18977,83829.3201
11.04.2021 02:00:00.000 GMT+0200,1.18903,1.19038,1.18901,1.18958,3354.3898
12.04.2021 02:00:00.000 GMT+0200,1.18957,1.19190,1.18710,1.19115,79048.3701
13.04.2021 02:00:00.000 GMT+0200,1.19117,1.19557,1.18776,1.19538,99118.29419999999
14.04.2021 02:00:00.000 GMT+0200,1.19541,1.19872,1.19509,1.19832,94040.08479999998
15.04.2021 02:00:00.000 GMT+0200,1.19830,1.19932,1.19560,1.19692,88820.23960000002
16.04.2021 02:00:00.000 GMT+0200,1.19692,1.19946,1.19503,1.19805,76098.21999999999
18.04.2021 02:00:00.000 GMT+0200,1.19722,1.19771,1.19679,1.19689,3320.6859
19.04.2021 02:00:00.000 GMT+0200,1.19688,1.20480,1.19424,1.20424,97833.74769999998
20.04.2021 02:00:00.000 GMT+0200,1.20424,1.20797,1.20224,1.20324,97173.22010000002
21.04.2021 02:00:00.000 GMT+0200,1.20323,1.20436,1.19985,1.20372,85542.39869999999
22.04.2021 02:00:00.000 GMT+0200,1.20372,1.20694,1.19936,1.20143,106768.76049999999
23.04.2021 02:00:00.000 GMT+0200,1.20144,1.20999,1.20127,1.20938,80323.6202
25.04.2021 02:00:00.000 GMT+0200,1.20913,1.20981,1.20888,1.20892,3822.6799999999994
26.04.2021 02:00:00.000 GMT+0200,1.20893,1.21167,1.20608,1.20793,79990.14670000001
27.04.2021 02:00:00.000 GMT+0200,1.20794,1.20927,1.20567,1.20892,81974.39970000002
28.04.2021 02:00:00.000 GMT+0200,1.20890,1.21353,1.20560,1.21348,104873.5331
29.04.2021 02:00:00.000 GMT+0200,1.21350,1.21498,1.21021,1.21245,99067.90889999998
30.04.2021 02:00:00.000 GMT+0200,1.21243,1.21265,1.20165,1.20169,97894.5102
02.05.2021 02:00:00.000 GMT+0200,1.20309,1.20328,1.20245,1.20271,2660.924
03.05.2021 02:00:00.000 GMT+0200,1.20272,1.20760,1.20130,1.20588,81052.3254
04.05.2021 02:00:00.000 GMT+0200,1.20590,1.20598,1.19989,1.20144,108198.11429999999
05.05.2021 02:00:00.000 GMT+0200,1.20145,1.20265,1.19859,1.20074,83296.6482
06.05.2021 02:00:00.000 GMT+0200,1.20076,1.20716,1.19929,1.20651,94613.4919
07.05.2021 02:00:00.000 GMT+0200,1.20651,1.21713,1.20527,1.21615,128365.68960000001
09.05.2021 02:00:00.000 GMT+0200,1.21601,1.21769,1.21600,1.21704,5874.5951000000005
10.05.2021 02:00:00.000 GMT+0200,1.21704,1.21782,1.21271,1.21405,99020.75430000002
11.05.2021 02:00:00.000 GMT+0200,1.21406,1.21815,1.21230,1.21440,104612.22430000002
12.05.2021 02:00:00.000 GMT+0200,1.21441,1.21520,1.20655,1.20777,164454.8855
13.05.2021 02:00:00.000 GMT+0200,1.20776,1.21060,1.20514,1.20767,123832.65220000001
14.05.2021 02:00:00.000 GMT+0200,1.20768,1.21477,1.20708,1.21420,97519.58960000002
16.05.2021 02:00:00.000 GMT+0200,1.21450,1.21511,1.21368,1.21498,2788.83
17.05.2021 02:00:00.000 GMT+0200,1.21497,1.21687,1.21259,1.21563,81134.36450000001
18.05.2021 02:00:00.000 GMT+0200,1.21561,1.22339,1.21534,1.22223,95033.83039999999
19.05.2021 02:00:00.000 GMT+0200,1.22225,1.22451,1.21598,1.21704,122026.23319999999
20.05.2021 02:00:00.000 GMT+0200,1.21704,1.22300,1.21689,1.22249,91295.2904
21.05.2021 02:00:00.000 GMT+0200,1.22250,1.22396,1.21607,1.21778,95459.74070000001
23.05.2021 02:00:00.000 GMT+0200,1.21778,1.21843,1.21722,1.21805,4772.2781
24.05.2021 02:00:00.000 GMT+0200,1.21805,1.22298,1.21749,1.22140,79873.03139999999
25.05.2021 02:00:00.000 GMT+0200,1.22140,1.22664,1.22113,1.22468,96703.55030000002
26.05.2021 02:00:00.000 GMT+0200,1.22468,1.22629,1.21820,1.21920,90989.68070000001
27.05.2021 02:00:00.000 GMT+0200,1.21920,1.22149,1.21751,1.21927,86079.3196
28.05.2021 02:00:00.000 GMT+0200,1.21927,1.22048,1.21325,1.21905,95929.6894
30.05.2021 02:00:00.000 GMT+0200,1.21990,1.21998,1.21890,1.21892,2690.425
31.05.2021 02:00:00.000 GMT+0200,1.21893,1.22343,1.21832,1.22325,58569.889599999995
01.06.2021 02:00:00.000 GMT+0200,1.22325,1.22542,1.22110,1.22174,81726.64509999998
02.06.2021 02:00:00.000 GMT+0200,1.22172,1.22265,1.21640,1.22094,77789.7047
03.06.2021 02:00:00.000 GMT+0200,1.22094,1.22141,1.21181,1.21300,97645.1464
04.06.2021 02:00:00.000 GMT+0200,1.21299,1.21856,1.21039,1.21644,91499.62110000002
06.06.2021 02:00:00.000 GMT+0200,1.21601,1.21676,1.21596,1.21666,2331.7200000000003
07.06.2021 02:00:00.000 GMT+0200,1.21665,1.22017,1.21448,1.21905,56767.001500000006
08.06.2021 02:00:00.000 GMT+0200,1.21905,1.21941,1.21642,1.21724,76115.2341
09.06.2021 02:00:00.000 GMT+0200,1.21725,1.22179,1.21714,1.21784,53522.5743
10.06.2021 02:00:00.000 GMT+0200,1.21782,1.21945,1.21433,1.21725,114796.2702
11.06.2021 02:00:00.000 GMT+0200,1.21726,1.21929,1.20925,1.21072,76244.19949999999
13.06.2021 02:00:00.000 GMT+0200,1.21045,1.21121,1.21027,1.21095,3083.8300999999997
14.06.2021 02:00:00.000 GMT+0200,1.21096,1.21305,1.20942,1.21218,56985.0451
15.06.2021 02:00:00.000 GMT+0200,1.21218,1.21473,1.21013,1.21245,69731.52
16.06.2021 02:00:00.000 GMT+0200,1.21246,1.21347,1.19865,1.19950,120454.2825
17.06.2021 02:00:00.000 GMT+0200,1.19949,1.20062,1.18916,1.19130,137577.72160000005
18.06.2021 02:00:00.000 GMT+0200,1.19129,1.19249,1.18472,1.18592,137533.86969999998
20.06.2021 02:00:00.000 GMT+0200,1.18542,1.18754,1.18542,1.18705,6660.060100000001
21.06.2021 02:00:00.000 GMT+0200,1.18703,1.19213,1.18476,1.19119,111964.7152
22.06.2021 02:00:00.000 GMT+0200,1.19119,1.19526,1.18808,1.19364,90359.7994
23.06.2021 02:00:00.000 GMT+0200,1.19364,1.19700,1.19113,1.19296,89353.5855
24.06.2021 02:00:00.000 GMT+0200,1.19297,1.19562,1.19176,1.19278,81788.1792
25.06.2021 02:00:00.000 GMT+0200,1.19278,1.19751,1.19261,1.19347,73314.32920000001
27.06.2021 02:00:00.000 GMT+0200,1.19296,1.19419,1.19296,1.19414,2960.95
28.06.2021 02:00:00.000 GMT+0200,1.19415,1.19444,1.19022,1.19286,82983.48469999999
29.06.2021 02:00:00.000 GMT+0200,1.19287,1.19295,1.18775,1.19002,87514.89530000002
30.06.2021 02:00:00.000 GMT+0200,1.19003,1.19090,1.18450,1.18558,98200.88509999998
01.07.2021 02:00:00.000 GMT+0200,1.18559,1.18842,1.18373,1.18457,97891.3944
02.07.2021 02:00:00.000 GMT+0200,1.18455,1.18741,1.18070,1.18622,93312.2899
04.07.2021 02:00:00.000 GMT+0200,1.18598,1.18685,1.18555,1.18556,4983.0599
05.07.2021 02:00:00.000 GMT+0200,1.18556,1.18804,1.18513,1.18624,59904.2845
06.07.2021 02:00:00.000 GMT+0200,1.18623,1.18951,1.18068,1.18221,98055.19989999999
07.07.2021 02:00:00.000 GMT+0200,1.18222,1.18364,1.17815,1.17929,98325.6589
08.07.2021 02:00:00.000 GMT+0200,1.17928,1.18678,1.17834,1.18463,137221.47549999997
09.07.2021 02:00:00.000 GMT+0200,1.18463,1.18810,1.18249,1.18710,95232.41010000001
11.07.2021 02:00:00.000 GMT+0200,1.18751,1.18768,1.18650,1.18722,4242.3003
12.07.2021 02:00:00.000 GMT+0200,1.18722,1.18802,1.18360,1.18627,75972.59979999998
13.07.2021 02:00:00.000 GMT+0200,1.18627,1.18751,1.17721,1.17748,92556.29460000001
14.07.2021 02:00:00.000 GMT+0200,1.17747,1.18387,1.17717,1.18329,80246.9084
15.07.2021 02:00:00.000 GMT+0200,1.18329,1.18506,1.17962,1.18112,79818.10560000001
16.07.2021 02:00:00.000 GMT+0200,1.18114,1.18221,1.17921,1.18047,71386.3094
18.07.2021 02:00:00.000 GMT+0200,1.18054,1.18138,1.18033,1.18125,2502.4838
19.07.2021 02:00:00.000 GMT+0200,1.18125,1.18244,1.17636,1.17917,103838.74469999997
20.07.2021 02:00:00.000 GMT+0200,1.17917,1.18024,1.17555,1.17813,104203.9492
21.07.2021 02:00:00.000 GMT+0200,1.17811,1.18046,1.17518,1.17922,78190.684
22.07.2021 02:00:00.000 GMT+0200,1.17925,1.18304,1.17572,1.17722,115912.60800000001
23.07.2021 02:00:00.000 GMT+0200,1.17722,1.17865,1.17544,1.17683,66091.64970000001
25.07.2021 02:00:00.000 GMT+0200,1.17681,1.17743,1.17671,1.17728,1805.3745
26.07.2021 02:00:00.000 GMT+0200,1.17729,1.18172,1.17632,1.18047,74770.1979
27.07.2021 02:00:00.000 GMT+0200,1.18046,1.18409,1.17698,1.18203,70108.2951
28.07.2021 02:00:00.000 GMT+0200,1.18205,1.18494,1.17721,1.18454,95631.14940000001
29.07.2021 02:00:00.000 GMT+0200,1.18453,1.18942,1.18406,1.18903,65088.6304
30.07.2021 02:00:00.000 GMT+0200,1.18902,1.19085,1.18515,1.18667,78399.0502
01.08.2021 02:00:00.000 GMT+0200,1.18641,1.18694,1.18621,1.18661,1640.0225
02.08.2021 02:00:00.000 GMT+0200,1.18662,1.18968,1.18587,1.18740,65757.14519999998
03.08.2021 02:00:00.000 GMT+0200,1.18738,1.18932,1.18535,1.18694,60676.2496
04.08.2021 02:00:00.000 GMT+0200,1.18693,1.18996,1.18326,1.18371,59235.19510000001
05.08.2021 02:00:00.000 GMT+0200,1.18373,1.18572,1.18280,1.18332,52814.6904
06.08.2021 02:00:00.000 GMT+0200,1.18332,1.18333,1.17543,1.17596,55120.82950000001
08.08.2021 02:00:00.000 GMT+0200,1.17580,1.17610,1.17422,1.17474,6173.8
09.08.2021 02:00:00.000 GMT+0200,1.17477,1.17689,1.17344,1.17360,48502.48010000001
10.08.2021 02:00:00.000 GMT+0200,1.17359,1.17427,1.17095,1.17195,75410.47970000001
11.08.2021 02:00:00.000 GMT+0200,1.17195,1.17541,1.17059,1.17417,61035.420200000015
12.08.2021 02:00:00.000 GMT+0200,1.17415,1.17481,1.17236,1.17356,45681.19020000001
13.08.2021 02:00:00.000 GMT+0200,1.17357,1.18045,1.17302,1.17933,42818.650100000006
15.08.2021 02:00:00.000 GMT+0200,1.17934,1.18007,1.17915,1.17940,2797.23
16.08.2021 02:00:00.000 GMT+0200,1.17939,1.18006,1.17672,1.17776,43659.3099
17.08.2021 02:00:00.000 GMT+0200,1.17776,1.17846,1.17017,1.17091,59330.869900000005
18.08.2021 02:00:00.000 GMT+0200,1.17092,1.17427,1.16936,1.17026,59219.2201
19.08.2021 02:00:00.000 GMT+0200,1.17027,1.17041,1.16656,1.16763,63221.7902
20.08.2021 02:00:00.000 GMT+0200,1.16762,1.17044,1.16638,1.16951,50357.1851
22.08.2021 02:00:00.000 GMT+0200,1.16935,1.17008,1.16925,1.16968,3915.91
23.08.2021 02:00:00.000 GMT+0200,1.16969,1.17501,1.16950,1.17441,55610.9997
24.08.2021 02:00:00.000 GMT+0200,1.17439,1.17650,1.17272,1.17526,47142.495
25.08.2021 02:00:00.000 GMT+0200,1.17527,1.17745,1.17260,1.17717,59247.810099999995
26.08.2021 02:00:00.000 GMT+0200,1.17716,1.17789,1.17458,1.17533,64898.4979
27.08.2021 02:00:00.000 GMT+0200,1.17534,1.18022,1.17348,1.17910,90960.7913
29.08.2021 02:00:00.000 GMT+0200,1.17937,1.18003,1.17898,1.17983,1418.27
30.08.2021 02:00:00.000 GMT+0200,1.17982,1.18097,1.17827,1.17965,54548.620200000005
31.08.2021 02:00:00.000 GMT+0200,1.17961,1.18450,1.17952,1.18098,66283.82969999999
01.09.2021 02:00:00.000 GMT+0200,1.18098,1.18571,1.17935,1.18407,63143.89479999999
02.09.2021 02:00:00.000 GMT+0200,1.18407,1.18760,1.18342,1.18736,49871.00020000001
03.09.2021 02:00:00.000 GMT+0200,1.18736,1.19090,1.18655,1.18773,71338.22990000002
05.09.2021 02:00:00.000 GMT+0200,1.18760,1.18862,1.18760,1.18854,1582.2399999999998
06.09.2021 02:00:00.000 GMT+0200,1.18854,1.18857,1.18557,1.18731,41182.882699999995
07.09.2021 02:00:00.000 GMT+0200,1.18730,1.18851,1.18358,1.18429,68103.2086
08.09.2021 02:00:00.000 GMT+0200,1.18428,1.18511,1.18019,1.18188,77623.4093
09.09.2021 02:00:00.000 GMT+0200,1.18186,1.18412,1.18051,1.18230,81298.65550000001
10.09.2021 02:00:00.000 GMT+0200,1.18230,1.18510,1.18092,1.18101,64082.67010000002
12.09.2021 02:00:00.000 GMT+0200,1.18111,1.18157,1.18087,1.18115,1815.1799999999998
13.09.2021 02:00:00.000 GMT+0200,1.18114,1.18169,1.17700,1.18096,59781.95040000001
14.09.2021 02:00:00.000 GMT+0200,1.18095,1.18458,1.18000,1.18023,70351.0982
15.09.2021 02:00:00.000 GMT+0200,1.18024,1.18318,1.17991,1.18190,68102.1202
16.09.2021 02:00:00.000 GMT+0200,1.18189,1.18204,1.17504,1.17648,67633.62739999998
17.09.2021 02:00:00.000 GMT+0200,1.17647,1.17888,1.17235,1.17239,69247.25989999999
19.09.2021 02:00:00.000 GMT+0200,1.17288,1.17305,1.17232,1.17292,1296.6200000000001
20.09.2021 02:00:00.000 GMT+0200,1.17293,1.17364,1.17001,1.17266,85294.27529999998
21.09.2021 02:00:00.000 GMT+0200,1.17267,1.17486,1.17147,1.17228,69831.58799999999
22.09.2021 02:00:00.000 GMT+0200,1.17228,1.17555,1.16843,1.16870,84003.4301
23.09.2021 02:00:00.000 GMT+0200,1.16871,1.17500,1.16834,1.17398,79458.47989999999
24.09.2021 02:00:00.000 GMT+0200,1.17397,1.17476,1.17005,1.17181,56255.979900000006
26.09.2021 02:00:00.000 GMT+0200,1.17253,1.17261,1.17160,1.17224,4061.7299999999996
27.09.2021 02:00:00.000 GMT+0200,1.17224,1.17250,1.16846,1.16956,110005.9795
28.09.2021 02:00:00.000 GMT+0200,1.16956,1.17031,1.16682,1.16860,115357.90989999998
29.09.2021 02:00:00.000 GMT+0200,1.16858,1.16900,1.15894,1.16014,108726.12980000001
30.09.2021 02:00:00.000 GMT+0200,1.16015,1.16096,1.15624,1.15736,101703.30899999998
01.10.2021 02:00:00.000 GMT+0200,1.15735,1.16072,1.15628,1.15923,88879.7002
03.10.2021 02:00:00.000 GMT+0200,1.15954,1.16110,1.15931,1.16065,3242.17
04.10.2021 02:00:00.000 GMT+0200,1.16065,1.16400,1.15876,1.16160,75420.31480000001
05.10.2021 02:00:00.000 GMT+0200,1.16161,1.16198,1.15804,1.15955,71096.86489999999
06.10.2021 02:00:00.000 GMT+0200,1.15954,1.15977,1.15291,1.15549,90764.86480000001
07.10.2021 02:00:00.000 GMT+0200,1.15548,1.15720,1.15474,1.15592,57539.660299999996
08.10.2021 02:00:00.000 GMT+0200,1.15591,1.15861,1.15413,1.15721,68510.97039999999
10.10.2021 02:00:00.000 GMT+0200,1.15674,1.15759,1.15636,1.15653,2478.4399999999996
11.10.2021 02:00:00.000 GMT+0200,1.15655,1.15867,1.15478,1.15532,54960.92509999999
12.10.2021 02:00:00.000 GMT+0200,1.15533,1.15703,1.15242,1.15304,64930.780399999996
13.10.2021 02:00:00.000 GMT+0200,1.15305,1.15994,1.15299,1.15968,77197.06040000002
14.10.2021 02:00:00.000 GMT+0200,1.15966,1.16242,1.15839,1.15903,94220.01049999999
15.10.2021 02:00:00.000 GMT+0200,1.15903,1.16185,1.15881,1.15983,90915.4902
17.10.2021 02:00:00.000 GMT+0200,1.15903,1.16052,1.15903,1.15963,3638.58
18.10.2021 02:00:00.000 GMT+0200,1.15965,1.16223,1.15717,1.16131,69977.1903
19.10.2021 02:00:00.000 GMT+0200,1.16133,1.16693,1.16130,1.16313,60866.7244
20.10.2021 02:00:00.000 GMT+0200,1.16313,1.16586,1.16168,1.16523,62795.3988
21.10.2021 02:00:00.000 GMT+0200,1.16522,1.16674,1.16194,1.16246,74249.4197
22.10.2021 02:00:00.000 GMT+0200,1.16249,1.16556,1.16210,1.16395,107175.35029999999
24.10.2021 02:00:00.000 GMT+0200,1.16382,1.16450,1.16356,1.16391,1844.3799999999999
25.10.2021 02:00:00.000 GMT+0200,1.16393,1.16649,1.15907,1.16087,74192.54500000001
26.10.2021 02:00:00.000 GMT+0200,1.16087,1.16257,1.15848,1.15962,66809.6619
27.10.2021 02:00:00.000 GMT+0200,1.15962,1.16259,1.15849,1.15982,77705.87969999999
28.10.2021 02:00:00.000 GMT+0200,1.15984,1.16921,1.15821,1.16821,108857.02550000002
29.10.2021 02:00:00.000 GMT+0200,1.16821,1.16899,1.15350,1.15529,96377.06039999999
31.10.2021 02:00:00.000 GMT+0200,1.15576,1.15642,1.15553,1.15562,2837.0299999999997
01.11.2021 01:00:00.000 GMT+0100,1.15562,1.16090,1.15460,1.15995,76937.7651
02.11.2021 01:00:00.000 GMT+0100,1.15996,1.16133,1.15751,1.15790,69798.17619999999
03.11.2021 01:00:00.000 GMT+0100,1.15790,1.16164,1.15622,1.16152,100237.7478
04.11.2021 01:00:00.000 GMT+0100,1.16152,1.16160,1.15282,1.15552,85742.42480000002
05.11.2021 01:00:00.000 GMT+0100,1.15553,1.15731,1.15132,1.15631,90782.55839999998
07.11.2021 01:00:00.000 GMT+0100,1.15566,1.15698,1.15559,1.15682,7957.75
08.11.2021 01:00:00.000 GMT+0100,1.15681,1.15949,1.15503,1.15877,57902.155000000006
09.11.2021 01:00:00.000 GMT+0100,1.15877,1.16087,1.15698,1.15940,68638.97579999999
10.11.2021 01:00:00.000 GMT+0100,1.15940,1.15952,1.14759,1.14856,101928.1896
11.11.2021 01:00:00.000 GMT+0100,1.14856,1.14875,1.14428,1.14474,68505.25
12.11.2021 01:00:00.000 GMT+0100,1.14477,1.14620,1.14328,1.14413,68731.89510000001
14.11.2021 01:00:00.000 GMT+0100,1.14473,1.14473,1.14411,1.14412,1091.1756
15.11.2021 01:00:00.000 GMT+0100,1.14410,1.14638,1.13562,1.13668,77609.3748
16.11.2021 01:00:00.000 GMT+0100,1.13670,1.13856,1.13089,1.13179,90616.2045
17.11.2021 01:00:00.000 GMT+0100,1.13180,1.13321,1.12635,1.13178,84537.76499999997
18.11.2021 01:00:00.000 GMT+0100,1.13178,1.13740,1.13137,1.13676,79078.54980000001
19.11.2021 01:00:00.000 GMT+0100,1.13677,1.13692,1.12499,1.12794,115105.51060000002
21.11.2021 01:00:00.000 GMT+0100,1.12873,1.12907,1.12715,1.12752,2796.0060000000003
22.11.2021 01:00:00.000 GMT+0100,1.12752,1.12904,1.12306,1.12417,96423.7444
23.11.2021 01:00:00.000 GMT+0100,1.12415,1.12750,1.12259,1.12445,95128.67989999999
24.11.2021 01:00:00.000 GMT+0100,1.12444,1.12552,1.11859,1.12025,100446.48520000001
25.11.2021 01:00:00.000 GMT+0100,1.12025,1.12296,1.12025,1.12091,52743.0769
26.11.2021 01:00:00.000 GMT+0100,1.12091,1.13301,1.12067,1.13071,135977.98510000002
28.11.2021 01:00:00.000 GMT+0100,1.13004,1.13134,1.12803,1.12925,7123.873799999999
29.11.2021 01:00:00.000 GMT+0100,1.12925,1.13003,1.12583,1.12925,97294.9804
30.11.2021 01:00:00.000 GMT+0100,1.12925,1.13828,1.12349,1.13299,162822.8262
01.12.2021 01:00:00.000 GMT+0100,1.13298,1.13596,1.13025,1.13187,116507.99500000004
02.12.2021 01:00:00.000 GMT+0100,1.13189,1.13476,1.12953,1.13057,86957.285
03.12.2021 01:00:00.000 GMT+0100,1.13057,1.13333,1.12665,1.13117,120087.50000000001
05.12.2021 01:00:00.000 GMT+0100,1.13046,1.13129,1.13014,1.13040,4161.650000000001
06.12.2021 01:00:00.000 GMT+0100,1.13040,1.13101,1.12663,1.12834,74957.93499999991
07.12.2021 01:00:00.000 GMT+0100,1.12833,1.12984,1.12275,1.12723,69268.92899999995
08.12.2021 01:00:00.000 GMT+0100,1.12725,1.13547,1.12667,1.13441,86371.81000000004
09.12.2021 01:00:00.000 GMT+0100,1.13441,1.13442,1.12783,1.12936,60460.8250000001
10.12.2021 01:00:00.000 GMT+0100,1.12935,1.13239,1.12651,1.13146,72798.04000000005
12.12.2021 01:00:00.000 GMT+0100,1.13100,1.13192,1.13038,1.13106,2021.2199999999998
13.12.2021 01:00:00.000 GMT+0100,1.13106,1.13140,1.12600,1.12834,71885.44499999993
14.12.2021 01:00:00.000 GMT+0100,1.12834,1.13238,1.12535,1.12575,79117.44499999999
15.12.2021 01:00:00.000 GMT+0100,1.12575,1.12991,1.12215,1.12902,114363.50000000006
16.12.2021 01:00:00.000 GMT+0100,1.12903,1.13603,1.12811,1.13336,81915.01250000007
17.12.2021 01:00:00.000 GMT+0100,1.13335,1.13488,1.12350,1.12370,71973.48500000003